Datetime,eccentricity,argument of perigee,inclination,mean anomaly,Brouwer mean motion,right ascension
08:12.2,0.0001456,5.40216579,0.020778145,-5.733607306,0.004375288,1.459020206
37:05.8,0.000155,5.423048655,0.020839231,-4.822503548,0.004375283,1.458658922
15:38.5,0.0001751,5.465046512,0.020868902,-5.464948774,0.004375275,1.457705973
10:21.9,0.0001674,5.430483757,0.020905554,-5.435489361,0.00437513,1.457278367
21:40.1,0.0001812,5.462027093,0.02098933,-5.644537918,0.00437525,1.456815855
07:56.6,0.0002013,5.442880831,0.021031217,-5.404804728,0.004375245,1.456241641
56:37.4,0.0002138,5.457335648,0.021069615,-5.45093378,0.004375238,1.455906538
56:37.2,0.0002427,5.496345502,0.021190042,-5.436362026,0.004375221,1.454897738
41:08.6,0.0002417,5.524928759,0.021237166,-4.727229515,0.004375212,1.454553908
05:34.1,0.0001985,5.560702773,0.021277309,-4.900811236,0.004375209,1.454286873
25:18.3,0.000185,5.573314522,0.021320942,-4.284240516,0.004375199,1.454004129
26:31.7,0.0001863,5.574215112,0.021359339,-4.787165867,0.004375191,1.453782472
07:56.5,0.0001969,5.566530427,0.021392501,-5.630709674,0.004375183,1.453531145
57:42.1,0.000188,5.571972364,0.021437879,-4.875512688,0.004375173,1.453119247
20:57.3,0.0001696,5.522558602,0.02147104,-5.493929966,0.004375167,1.452597394
56:48.5,0.0001875,5.503637487,0.021511183,-5.037672974,0.004375157,1.452028417
31:09.3,0.000183,5.498925098,0.021554816,-4.864888869,0.004375146,1.451614773
10:35.4,0.0001915,5.502251696,0.021589723,-5.465639924,0.004375138,1.451370427
04:29.8,0.0001912,5.499712242,0.021607176,-2.864422151,0.004375134,1.451263962
37:34.9,0.0001994,5.494036431,0.021647319,-2.69637836,0.004375124,1.450996927
07:46.0,0.0002132,5.492805974,0.021711896,-5.415761905,0.004375109,1.450579793
11:25.3,0.0001784,5.456599119,0.02176251,-4.295843465,0.004375092,1.450195821
48:17.3,0.0001725,5.389960703,0.021802653,-4.574607453,0.004375054,1.448930457
14:39.4,0.0001801,5.420196787,0.021835814,-5.259582862,0.004375044,1.448696583
24:48.5,0.0001822,5.419147844,0.021882938,-4.671584928,0.004375032,1.448410349
11:12.7,0.0001808,5.412711069,0.021937043,-2.60695118,0.004375019,1.448063028
01:44.0,0.0001878,5.432035355,0.022005111,-5.258019047,0.004375004,1.447532448
20:34.4,0.0001903,5.438866574,0.02205049,-4.902425665,0.004374995,1.447230506
00:59.8,0.0001907,5.441765565,0.022092378,-4.973549578,0.004374986,1.446965216
15:58.0,0.0002015,5.478747347,0.022141247,-4.665039943,0.004374977,1.446626622
00:15.8,0.0002014,5.477654771,0.022179644,-4.977761057,0.004374969,1.446359587
32:31.6,0.0002033,5.484449338,0.022266911,-4.283659322,0.00437495,1.445890094
10:03.9,0.0002033,5.485149215,0.022310544,-3.577736471,0.004374939,1.445616077
30:22.0,0.0002006,5.770948625,0.02237163,-2.703993232,0.00437495,1.44224061
27:48.7,0.000192,5.686958145,0.022441444,-4.434530818,0.004374937,1.442230138
48:01.4,0.0001897,5.67492061,0.022478095,-4.579290172,0.004374927,1.442020699
37:44.7,0.0001541,5.364695316,0.022497294,-5.349320711,0.00437476,1.444205851
09:30.6,0.00019,5.664616186,0.022551399,-5.227748057,0.00437491,1.441367945
12:04.3,0.0001911,5.665556918,0.022596778,-4.412681041,0.0043749,1.441139307
26:02.1,0.0001894,5.634488312,0.02263343,-4.565688821,0.004374891,1.440826893
26:24.9,0.0001846,5.577937899,0.022671827,-4.752597876,0.004374882,1.44046212
17:48.9,0.00019,5.615436298,0.022703243,-5.860435146,0.004374874,1.44011829
52:42.0,0.0001892,5.624951833,0.022762584,-3.074819847,0.004374859,1.439650541
00:39.2,0.0001977,5.551899332,0.022802727,-3.212266271,0.004374844,1.439313693
30:57.7,0.000205,5.556360393,0.022844615,-3.066927468,0.004374832,1.439001279
36:07.3,0.0002038,5.531847244,0.022883012,-3.527628068,0.004374819,1.438653958
58:47.6,0.0002003,5.497190241,0.0229249,-3.376636144,0.004374809,1.438409612
28:47.9,0.0001967,5.497434587,0.022965042,-3.228326791,0.004374799,1.438004696
58:44.8,0.0001975,5.42909622,0.02300344,-4.324571585,0.004374788,1.437938373
04:18.0,0.0002066,5.486838693,0.023043582,-4.865731863,0.004374776,1.437421756
41:42.6,0.0002226,5.639808076,0.023061035,-5.625815771,0.00437465,1.437545674
13:44.2,0.0002288,5.565917816,0.023141321,-2.506455121,0.00437475,1.436412956
15:29.8,0.000225,5.544858674,0.023174482,-4.035679451,0.004374742,1.436193044
39:57.1,0.0002242,5.54576799,0.023211134,-4.700052993,0.004374734,1.435938226
30:35.4,0.0002496,5.623330422,0.023253022,-5.063786591,0.004374724,1.435365758
14:06.4,0.0001727,5.968430885,0.02335076,-4.409982762,0.004375434,1.432430114
52:36.9,0.0001726,5.97635817,0.023390903,-4.493950553,0.004375425,1.432225911
26:26.4,0.0001639,5.990376655,0.02340312,-2.521923975,0.004375425,1.431985055
26:53.1,0.0001512,6.038783361,0.023465952,-5.157756863,0.004375409,1.431524288
28:17.8,0.0001594,6.027616745,0.023513076,-3.809596481,0.004375404,1.431175223
45:13.6,0.0001587,6.049552043,0.023551473,-3.739399338,0.004375395,1.430871535
13:40.9,0.0001313,6.092672147,0.02358987,-3.377278425,0.004375384,1.430452656
26:53.4,0.0001312,6.087720648,0.023619541,-5.134407848,0.004375378,1.430290341
24:27.7,0.0001271,6.016277341,0.023666665,-3.480299975,0.00437537,1.429958728
41:41.1,0.0001264,6.007742681,0.023701571,-4.166067763,0.004375361,1.429712637
10:45.8,0.0001267,5.995582972,0.023734732,-5.05885429,0.004375353,1.429435129
29:45.0,0.0001243,5.975558809,0.023780111,-3.887644114,0.004375342,1.429133187
36:50.2,0.0001235,5.946998241,0.023815018,-4.072575711,0.004375331,1.428736998
56:05.9,0.0001268,5.944650773,0.02385167,-4.493053453,0.004375321,1.428386186
12:50.2,0.0001267,5.922197113,0.023891812,-4.379552947,0.004375311,1.428206418
27:14.7,0.0001248,5.934712869,0.023942427,-2.998295886,0.004375299,1.427750887
44:31.4,0.0001246,5.918294556,0.023977333,-3.676178277,0.004375289,1.427621732
49:54.9,0.000195,6.030791499,0.024045401,-2.434406185,0.004375232,1.426838079
17:31.2,0.0001944,6.024000423,0.024069836,-4.914471928,0.004375226,1.426689726
15:45.5,0.0002001,6.032500176,0.024122196,-3.337582657,0.004375213,1.426244667
03:01.8,0.0001985,6.00562036,0.024162338,-3.34844035,0.004375204,1.425764702
16:54.8,0.0001985,6.007081201,0.024195499,-4.846643197,0.004375197,1.425550026
20:47.3,0.0002036,6.028416106,0.024253095,-2.732843524,0.004375184,1.425019446
32:16.4,0.0002013,6.008212174,0.024298474,-2.382028854,0.004375175,1.424630238
29:43.8,0.0002008,6.006817656,0.024300219,-2.129193477,0.004375175,1.42458835
21:54.4,0.0002073,6.027164705,0.024378759,-3.198523548,0.004375162,1.424096167
44:37.9,0.0002112,6.052892603,0.024418902,-3.369679262,0.004375156,1.423855312
01:34.2,0.0002116,6.050361876,0.024450317,-4.850594623,0.004375149,1.423666816
39:14.7,0.0002164,6.094651351,0.024500932,-3.399646565,0.004375143,1.423319496
46:05.4,0.0002114,6.102974826,0.02454282,-3.36028939,0.004375136,1.423005336
42:11.3,0.0002087,6.105620745,0.024588199,-2.574756836,0.004375126,1.42270514
44:25.2,0.0002092,6.112088935,0.02462136,-3.603974006,0.004375119,1.422493955
14:37.7,0.0002098,6.11134717,0.024654521,-4.50361095,0.004375111,1.422294987
09:13.9,0.0002175,6.108722195,0.024692918,-4.244700082,0.004375099,1.42220074
03:18.4,0.0001995,6.237126068,0.024747023,-3.067391726,0.004375111,1.420703247
40:46.8,0.000199,6.242140399,0.024774949,-4.991142497,0.004375104,1.420551403
03:31.1,0.0001984,6.246023757,0.024815091,-4.877998037,0.004375094,1.420319275
27:29.5,0.0001963,6.242555788,0.024863961,-3.17693208,0.004375081,1.420027805
18:10.0,0.0001841,6.206837624,0.024904103,-3.164379672,0.00437507,1.419682229
48:54.5,0.0001815,6.197976588,0.02493901,-4.053614454,0.004375061,1.419465809
12:06.7,0.0001814,6.168765012,0.024986134,-2.855285352,0.004375048,1.419169103
05:40.0,0.0001821,6.134395988,0.025028021,-2.569044374,0.004375037,1.418839235
53:27.5,0.0001829,6.123869908,0.025059437,-3.907069629,0.004375028,1.418591399
32:31.6,0.0001803,6.119133084,0.025094344,-4.764054217,0.004375019,1.418366251
04:47.3,0.0001785,6.072934219,0.025144959,-3.24663704,0.004375005,1.418032893
40:27.6,0.0001717,6.078206859,0.02518161,-3.603485313,0.004374994,1.41780251
04:42.7,0.0001858,6.04577515,0.025216517,-3.185901327,0.004374983,1.41841163
18:55.2,0.0001846,6.040197078,0.02525666,-3.363127296,0.004374975,1.418017185
20:48.6,0.0002142,6.211588411,0.025378833,-4.261429063,0.004374942,1.416778002
26:03.5,0.0002072,6.234721005,0.025424211,-3.981691181,0.004374931,1.4164237
55:56.5,0.0002403,0.009964085,0.025490534,-3.366612718,0.004374889,1.415360794
46:51.7,0.0002419,0.012491321,0.025537658,-2.603952704,0.004374881,1.415006492
35:28.1,0.0002424,6.271575377,0.025584782,-2.349822293,0.004374875,1.414678371
29:48.8,0.0002451,6.28115898,0.025617943,-3.41697943,0.004374869,1.414484639
10:29.1,0.0002374,6.248273486,0.025665067,-2.401267618,0.004374861,1.414158262
18:42.2,0.0002377,0.058814105,0.025705209,-2.704207907,0.004374857,1.413835377
10:10.4,0.0002399,0.056979764,0.025740116,-3.510029913,0.00437485,1.41361721
49:25.4,0.0002314,0.051595423,0.02578724,-2.528100695,0.004374841,1.41329956
28:09.3,0.0002272,0.089711669,0.025825637,-2.904477457,0.004374835,1.41297842
16:31.5,0.0002213,0.042812927,0.025832618,-1.595861,0.004374833,1.412933041
09:59.1,0.0002184,0.060459951,0.025904177,-2.920293631,0.004374818,1.412444349
38:58.9,0.0002133,0.053551937,0.025946065,-2.769299962,0.004374809,1.412151134
07:20.4,0.0002139,0.057288687,0.025980971,-3.419365295,0.004374801,1.411934713
52:23.0,0.0001915,6.221585657,0.02597399,-6.237665375,0.004374678,1.412959221
51:53.6,9.68E-05,5.913850948,0.02607871,-3.794441787,0.004375237,1.410788032
34:25.1,0.0001102,5.999783979,0.026132815,-2.101322314,0.004375213,1.410416276
41:48.6,0.0001158,6.143504862,0.02616074,-4.29531114,0.004375209,1.410264433
24:39.1,0.000118,6.100765239,0.026202628,-4.047392355,0.004375199,1.410004379
23:31.8,0.0001343,5.96734529,0.026253243,-2.326082325,0.004375176,1.409767014
49:45.2,0.0001396,6.025946465,0.026300366,-1.464704743,0.004375159,1.409459836
19:12.5,0.0001516,6.142195865,0.026340509,-1.697044718,0.004375146,1.409245161
16:21.9,0.000156,6.146033844,0.026377161,-2.220755195,0.004375138,1.40900605
13:15.5,0.0001616,6.176564889,0.026419049,-1.984713376,0.004375128,1.408719816
16:51.9,0.0001632,6.172224255,0.026455701,-1.684408534,0.004375118,1.408410893
28:17.9,0.0001636,6.181275532,0.026490607,-2.675874232,0.00437511,1.408093243
36:38.4,0.0001639,6.184678924,0.02653075,-2.625175908,0.004375101,1.407815736
39:38.2,0.0001644,6.27739605,0.026541222,-1.392076357,0.004375098,1.407684836
48:40.0,0.0001669,6.270144207,0.026604054,-3.93551326,0.004375084,1.407297373
55:51.7,0.0001713,6.256036711,0.026649432,-3.609703922,0.004375075,1.406904674
08:55.0,0.0001724,6.270660824,0.02669132,-3.287071083,0.004375067,1.406583533
47:42.3,0.0001735,6.242276535,0.026727972,-4.121478092,0.004375061,1.406313007
21:51.8,0.0001739,6.259935776,0.026776841,-2.922002308,0.004375052,1.405990122
08:47.9,0.0001752,6.21235461,0.026823965,-1.863931356,0.004375043,1.405696906
52:21.7,0.0001713,6.246184327,0.026858872,-2.739678233,0.004375038,1.405429871
39:16.3,0.0001784,6.23165097,0.026899014,-2.502463553,0.004375028,1.405202978
39:40.2,0.0001848,6.269474001,0.026939157,-2.521009422,0.004375023,1.40492198
57:32.6,0.0001853,6.224470686,0.026968828,-3.95549728,0.004375016,1.404743956
40:38.8,0.0001742,0.022005111,0.027012461,-2.779979631,0.004375004,1.404333804
22:33.3,0.0001739,0.005136504,0.02706133,-1.249755228,0.004374993,1.404122619
29:57.4,0.0001687,6.275104433,0.027125907,-3.269600337,0.004374978,1.403768317
02:43.5,0.0001662,6.281612766,0.027171286,-2.327722934,0.004374968,1.403454158
34:13.5,0.0001659,6.272430588,0.027214919,-1.638316134,0.004374957,1.403194104
50:46.7,0.0001651,6.266065373,0.027242844,-3.642350305,0.004374951,1.403028298
04:03.0,0.0001655,6.266007777,0.027330111,-2.236971049,0.004374929,1.402490736
13:42.5,0.0001663,6.281396345,0.027375489,-1.405250102,0.004374917,1.402171341
31:36.1,0.0001648,6.267171911,0.02740516,-3.133068466,0.00437491,1.401965392
49:19.1,0.0001451,0.184127,0.027440066,-3.237645104,0.004374854,1.400661631
02:45.5,0.0001555,0.144818695,0.027481954,-2.859737687,0.004374846,1.400345727
57:30.1,0.0001667,0.109170345,0.027529078,-2.042312732,0.004374835,1.400036803
54:32.2,0.0001714,0.193289979,0.027574457,-1.597108911,0.004374826,1.399668539
44:57.8,0.0001689,0.212417042,0.027658233,-1.361250351,0.004374808,1.399125742
50:10.4,0.0001723,0.198326999,0.027700121,-1.832105277,0.004374805,1.398808092
56:30.1,0.0001714,0.210230144,0.027735027,-2.586712342,0.004374797,1.398579454
46:26.3,0.0001807,0.172459474,0.027780406,-1.788238172,0.00437479,1.398282748
56:18.4,0.0001812,0.155770636,0.027785642,-0.940826715,0.004374789,1.398246096
58:26.0,0.0001911,0.104894288,0.027824039,-0.863484194,0.004374781,1.398000004
29:13.6,0.0002082,0.173309449,0.027933995,-2.320975491,0.00437476,1.397329798
30:14.4,0.0002051,0.223693614,0.027963665,-3.662283711,0.00437476,1.397123849
35:37.2,2.74E-05,5.295327205,0.027991591,-5.29967133,0.004374601,1.398757477
24:17.6,0.0001735,0.401956308,0.028042205,-3.83172551,0.004374768,1.396073161
17:08.1,0.0001732,0.405537724,0.028085838,-3.062068472,0.004374758,1.395854995
43:27.4,0.0001647,0.471343618,0.028125981,-2.470620021,0.004374747,1.395540835
12:28.6,0.0001605,0.502583266,0.028162633,-2.095320127,0.004374736,1.395245875
47:09.9,0.0001533,0.551461212,0.028202775,-1.450307522,0.004374724,1.394856666
11:45.3,0.000201,0.140469334,0.028216738,-0.145092711,0.004374586,1.395521637
23:11.9,0.0001518,0.493224811,0.028274334,-2.512970436,0.004374704,1.394402881
17:45.3,0.0001537,0.483367191,0.028314476,-2.509968469,0.004374694,1.394175988
04:52.1,0.0001192,0.637895152,0.02833542,-3.228791048,0.004374655,1.393615737
15:41.5,0.0001162,0.60623837,0.028373818,-3.657953549,0.004374643,1.393437714
14:56.1,0.0001141,0.539830338,0.028417451,-3.052989269,0.004374627,1.393174169
06:47.9,0.0001152,0.558791595,0.028429668,-1.270051662,0.004374623,1.393107846
52:57.3,0.0001171,0.559248871,0.028497736,-3.134860919,0.004374608,1.392687222
13:33.0,0.0001809,5.96689674,0.028558823,-0.312468041,0.004375321,1.391676676
31:46.1,0.0001754,5.995080317,0.028630381,-2.062844786,0.00437532,1.391126898
35:40.2,0.0001742,5.995335135,0.02867576,-1.503042645,0.004375312,1.3908459
59:53.2,0.0001619,6.028245063,0.028721138,-1.412149388,0.004375303,1.390596318
54:14.3,0.0001578,6.048702068,0.028764771,-1.176971508,0.004375293,1.390367679
17:21.0,0.0001582,6.067158924,0.028776989,-6.064757351,0.004375183,1.390294376
45:11.6,0.0001521,6.099683135,0.028841566,-1.756844934,0.004375282,1.389828373
54:30.8,0.0001555,6.083018731,0.028885199,-1.156401057,0.004375276,1.38949676
32:09.7,0.0001591,6.088767846,0.028921851,-1.504643112,0.004375269,1.389245433
52:53.3,0.0001631,6.104821384,0.028951522,-2.987403286,0.004375263,1.389027267
49:47.9,0.0001497,6.121751078,0.028995155,-2.474894333,0.004375259,1.388723579
23:30.8,0.0001441,6.131737852,0.029038788,-1.531924354,0.004375251,1.388439091
18:05.2,0.0001375,6.120157592,0.029077185,-1.526304394,0.004375244,1.388191254
58:37.4,0.0001238,6.12075624,0.029108601,-2.644194761,0.004375253,1.387798555
56:00.5,0.0001216,6.117675734,0.029150489,-1.322099126,0.004375243,1.387521047
14:54.2,0.000119,6.117482003,0.029188886,-1.221447733,0.004375233,1.387250521
58:54.7,0.0001025,6.166611276,0.029211576,-3.685662396,0.004375226,1.387070752
53:22.6,0.000101,6.142695029,0.029298842,-2.337858061,0.004375204,1.386540172
25:47.8,0.000107,6.170897804,0.029333749,-2.731476931,0.004375197,1.386253938
22:27.2,8.07E-05,6.157261547,0.029359929,-2.451948489,0.004375157,1.385459814
08:30.6,6.86E-05,0.241009026,0.029401817,-2.337182619,0.004375133,1.385082822
56:00.6,8.43E-05,5.628615279,0.029459412,-0.16613091,0.004375105,1.384936215
43:01.4,7.14E-05,5.538191516,0.029485592,-2.215212029,0.004375097,1.384738993
48:44.9,0.0001019,5.714258586,0.029529226,-2.086160639,0.004375075,1.38448941
07:12.3,0.0001126,5.776055458,0.02957635,-0.99956228,0.004375054,1.384164779
39:12.9,0.0001139,5.801896803,0.029618237,-1.655374982,0.004375044,1.383869819
53:59.9,0.0001328,5.896278973,0.029661871,-1.667429971,0.004375038,1.383494573
53:43.7,0.000146,6.010589313,0.029705504,-1.240189079,0.004375032,1.383047768
49:11.7,0.0001552,6.044230534,0.029738665,-2.326221951,0.004375027,1.382782478
55:02.8,0.0001502,6.107896654,0.029784044,-1.821507638,0.004375025,1.38225888
27:35.1,0.000144,6.131320718,0.029832913,-1.684839631,0.004375025,1.381775423
06:26.1,0.0001143,6.000483856,0.02987131,-2.416685857,0.004375018,1.381522351
51:04.0,0.0001049,5.968663013,0.029930651,-0.859403614,0.004375013,1.381127906
31:39.9,9.86E-05,6.041699807,0.029970794,-0.999834551,0.004375016,1.380860871
47:39.3,9.01E-05,6.047422741,0.03000221,-2.493269159,0.004375015,1.38064445
17:52.3,0.0001062,6.221058567,0.030044098,-1.992082156,0.004375007,1.380281422
58:36.3,0.0001028,6.204608839,0.030087731,-0.992371523,0.004375002,1.379974244
20:04.1,9.56E-05,6.21897988,0.030119147,-2.470520538,0.004374997,1.37974037
49:10.2,9.66E-05,6.23612774,0.030155799,-2.342929988,0.004374989,1.379497769
56:16.6,7.53E-05,6.120271039,0.030192451,-2.178581059,0.004374985,1.37923946
41:33.4,7.36E-05,6.108983995,0.030230848,-1.951845336,0.004374974,1.379035257
21:30.1,8.17E-05,6.15950604,0.030269245,-1.022527322,0.004374962,1.378633831
52:31.2,6.99E-05,6.169178655,0.03029717,-1.141448821,0.004374952,1.378166083
12:12.3,6.66E-05,6.145555624,0.030368729,-1.784635812,0.004374927,1.377707061
03:31.6,5.75E-05,6.038929969,0.030403636,-2.223757161,0.004374913,1.377476678
06:20.2,4.86E-05,6.095379153,0.030459486,-5.908457881,0.004374891,1.376911191
19:22.2,6.09E-05,6.066239136,0.030586895,-1.587680642,0.00437483,1.376199097
00:58.5,8.45E-05,5.265321505,0.03063751,-0.062297782,0.004374826,1.375654554
32:20.6,8.65E-05,5.594071723,0.030705578,-2.319462291,0.004374798,1.375099539
59:37.9,9.00E-05,5.863042668,0.030759683,-1.139377116,0.004374757,1.374685896
27:11.1,0.0001514,6.098203096,0.030894073,-0.677861447,0.00437475,1.374158807
25:30.3,0.0001598,6.112088935,0.030934216,-0.682003113,0.004374743,1.373895262
42:04.5,0.0001113,6.093045648,0.031000538,-5.80572082,0.004374745,1.37271891
57:42.1,0.0001194,0.300404326,0.031066861,-2.010566938,0.004374739,1.37229654
18:53.8,8.66E-05,6.27092786,0.031107003,-1.588214713,0.004374738,1.372085355
26:55.9,8.23E-05,6.16347841,0.031147146,-0.903567426,0.004374738,1.371847991
28:59.8,7.12E-05,6.142599036,0.031182052,-1.381684666,0.004374727,1.371649023
19:53.2,5.93E-05,6.126391908,0.031222195,-1.650913921,0.004374726,1.371509397
56:41.4,5.78E-05,6.121908158,0.031237903,-5.14353592,0.004374721,1.37141864
26:46.4,5.00E-05,5.804944148,0.031298989,-1.002757978,0.004374715,1.370968345
19:03.3,5.22E-05,5.538163591,0.031340877,-5.723170237,0.004374705,1.370434274
30:21.2,5.23E-05,5.378403132,0.031346113,-4.464035609,0.004374702,1.370462199
43:38.9,4.19E-05,5.723676382,0.031410691,-0.271629082,0.004374687,1.370141059
58:44.7,4.16E-05,5.73901259,0.031421163,-4.929050663,0.004374683,1.370060774
26:25.4,5.73E-05,4.794096569,0.031492721,-4.353324139,0.004375452,1.369800719
01:31.4,0.0001252,4.489606428,0.031529373,-3.87704822,0.004375416,1.369287593
37:52.5,0.0001303,4.514693791,0.031642819,-5.001850091,0.00437538,1.3685563
24:35.5,0.0001417,4.504722725,0.031681217,-5.294643036,0.004375366,1.368322426
11:17.6,0.0001475,4.451275507,0.031730086,-4.231325624,0.004375346,1.368050154
29:25.7,0.0001484,4.473205569,0.031766738,-4.943723646,0.004375329,1.367884348
47:20.6,0.0001582,4.552373704,0.03180339,-5.714420901,0.004375307,1.367767411
43:43.8,0.000162,4.634257571,0.031845278,-5.794360472,0.004375286,1.367559717
38:59.6,0.0001607,4.780594702,0.031894147,-5.418526506,0.00437527,1.367290936
52:10.5,0.0001641,4.820962422,0.031939525,-5.120792535,0.004375256,1.366940125
07:26.9,0.0001659,4.862068417,0.031953488,-4.044725492,0.004375255,1.366727195
49:15.9,0.0001633,4.899315489,0.032032028,-4.650672393,0.004375251,1.365915617
30:06.6,0.0001655,4.9322132,0.032080897,-4.487002397,0.004375243,1.365594476
24:46.7,0.0001259,4.996828779,0.032129766,-4.819670879,0.004375245,1.365419943
45:24.4,0.0001193,4.933059684,0.032168163,-5.435510305,0.004375237,1.365227957
02:20.6,0.0001218,4.828008317,0.032269393,-4.433176443,0.00437524,1.364728793
56:31.2,0.0001244,4.77348074,0.032272883,-3.61653514,0.004375237,1.364707849
59:38.7,0.0001232,4.608152681,0.032372367,-6.272114684,0.004375232,1.364044624
54:44.9,0.0001508,4.47042875,0.032477087,-2.970072167,0.004375204,1.36354895
42:52.4,0.0001784,4.307388818,0.032604496,-3.332351905,0.004375211,1.364294206
15:40.8,0.0001666,4.403074749,0.032611477,-5.628349989,0.004375187,1.362801949
42:14.2,0.0001734,4.474743204,0.032726669,-4.48068256,0.004374976,1.361896123
44:48.7,0.0008884,4.599340514,0.032761575,-6.151744561,0.004375199,1.361637815
02:47.5,0.0001389,4.602387859,0.032796482,-5.533512288,0.004375115,1.361547057
05:16.2,0.0002588,4.983365309,0.032854078,-5.08212651,0.004374988,1.361972918
56:53.6,0.0002542,4.912613152,0.032909928,-4.505157312,0.004374989,1.36129573
56:19.3,0.0003588,4.738804539,0.032977996,-4.824145903,0.004375002,1.360749442
41:36.8,0.0001877,4.775273193,0.033086207,-6.202186322,0.00437499,1.360040838
59:10.9,0.0001851,4.714542717,0.033143802,-6.047117309,0.004374971,1.359686536
38:58.7,0.0001858,4.855389042,0.033173473,-3.12598941,0.004374984,1.359539929
28:28.5,0.0001864,4.881720824,0.033323571,-4.966554298,0.004374972,1.358845288
18:44.7,0.0001502,4.655210249,0.033445744,-3.680777219,0.004374952,1.358426409
07:11.8,0.0001514,4.643572393,0.033484142,-4.227126362,0.004374949,1.357990076
11:15.8,0.0001505,4.285743245,0.03352603,-2.783625624,0.004374941,1.357321615
13:15.9,0.0002065,4.651309438,0.033602824,-4.66428247,0.00437472,1.356960332
08:15.6,0.0001907,4.536241626,0.033672637,-5.603163143,0.004374919,1.356345976
25:48.9,0.0002103,4.532923755,0.033714525,-4.980700192,0.004374898,1.356017854
05:24.0,0.000211,4.523645584,0.03379481,-4.501328059,0.00437487,1.355595485
06:32.3,0.000188,4.512653501,0.033822736,-5.518181316,0.004374868,1.355433169
08:24.4,0.0001685,4.471690623,0.033859387,-4.926867256,0.004374851,1.355244674
19:13.4,0.0001693,4.437909776,0.03389953,-4.566210674,0.00437483,1.355110283
25:09.1,0.0001895,4.486475307,0.033986797,-3.504586231,0.004374802,1.3546181
47:38.4,0.0005085,2.26777611,0.034053119,-2.202176165,0.004374791,1.354134644
59:43.3,0.0001418,4.239032998,0.03410897,-2.791799001,0.004374792,1.35376987
11:35.9,0.000221,4.746492714,0.034210199,-3.476427089,0.004374729,1.353616281
12:43.2,0.000231,4.855197056,0.034239869,-4.613013423,0.004374713,1.353101409
29:16.1,0.0002147,4.852184617,0.034376005,-1.598869948,0.004374681,1.352059448
03:36.7,0.0002213,4.977176372,0.034512141,-3.885621278,0.004374814,1.352291576
59:35.8,0.0001415,5.462486114,0.034658748,-4.05417645,0.004375109,1.351125696
42:35.9,0.0008429,2.380807123,0.034777431,-2.810948753,0.004375195,1.349156965
40:49.9,0.0005467,1.726682154,0.034805356,-1.620635949,0.004375449,1.348485013
07:48.6,0.0001626,5.278919365,0.034910076,-3.463410424,0.004375253,1.348399492
50:20.3,0.0001588,5.168921734,0.034969417,-3.131515122,0.004375257,1.347732776
43:30.7,0.0001622,5.220002285,0.034999087,-4.507712474,0.00437525,1.347849713
52:03.9,0.0001613,5.196080803,0.035032249,-5.216448795,0.004375243,1.347882875
33:45.7,0.0001625,5.100359965,0.034976398,-2.520040764,0.004375197,1.344788406
55:11.4,0.0001811,5.027801392,0.035342917,-2.807096812,0.004375128,1.342671322
57:51.0,0.0002169,4.529843249,0.0354616,-4.067472368,0.004375047,1.34425259
48:10.4,0.0002019,5.51210757,0.035499997,-4.812101386,0.004375101,1.344078057
30:22.0,4.11E-05,1.518734901,0.035606462,-1.649330907,0.004375088,1.344284006
00:00.0,0.0001697,5.086008123,0.03580892,-4.194368277,0.004375014,1.342208809
01:17.0,0.0001757,5.657633123,0.035962509,-4.427764177,0.004375006,1.341299493
06:34.5,0.0004879,3.868002179,0.036082937,-3.087323386,0.004374882,1.340582162
01:26.4,0.0001684,5.140197105,0.036128316,-3.315303529,0.004374959,1.340707826
05:19.0,0.0001506,5.172974389,0.036198129,-5.134294402,0.004374918,1.340409375
35:29.7,0.0001531,5.176833312,0.036250489,-3.15121989,0.004374903,1.340098706
48:05.3,0.0001855,5.291241389,0.03628365,-4.243268912,0.004374891,1.339754876
14:19.2,0.0001915,5.309844854,0.036294122,-2.571974782,0.004374885,1.339655393
04:48.7,0.0001979,5.337604316,0.036367426,-3.919342784,0.004374868,1.339095142
26:52.2,0.000194,5.340525997,0.036475636,-5.086824937,0.004374839,1.338487767
04:33.6,0.0001867,5.448139508,0.036527996,-5.012009653,0.004374827,1.337882138
27:36.7,0.0001289,4.490578576,0.03662748,-2.851408976,0.004374866,1.336897772
08:01.7,0.0001564,5.323688806,0.036777578,-2.91453579,0.0043748,1.336129828
33:37.0,0.0001591,5.324544017,0.036822957,-2.261590663,0.004374763,1.336101902
33:25.0,0.0001698,5.31395685,0.036904987,-4.317571069,0.00437478,1.335527689
43:35.9,0.000173,5.26630238,0.036939894,-5.258572317,0.004374595,1.335459621
07:37.4,0.0001828,5.277020447,0.037044613,-2.504748189,0.004374741,1.334747527
35:12.4,0.0002065,5.425109888,0.037077775,-4.353041395,0.004374737,1.334880172
12:32.3,0.0002176,5.493860153,0.037159805,-1.863069163,0.004374697,1.335377591
17:31.8,0.0001543,5.303661152,0.037119663,-5.291770224,0.00437455,1.334562522
58:44.7,0.0002693,5.438089902,0.037229618,-2.852103617,0.004374586,1.336388136
52:18.2,0.0002903,6.053990415,0.037503635,-3.718249438,0.004374948,1.329619749
17:12.6,0.000319,6.04238223,0.037510616,-3.317918032,0.004375124,1.329958343
02:43.0,0.0003241,6.037601773,0.037510616,-4.672139943,0.004375153,1.330405148
11:13.9,0.0001452,5.689473165,0.037571703,-3.219015459,0.004375285,1.330818791
33:52.0,0.0001474,5.69005785,0.037604864,-4.152869583,0.004375281,1.330595388
34:06.7,0.0001456,5.687792413,0.037611845,-2.311976574,0.004375279,1.330757704
21:11.0,0.00016,6.038806051,0.037711329,-3.979127292,0.004375276,1.330358024
53:42.7,0.0001559,6.034449709,0.037758453,-2.76443922,0.004375272,1.330073535
28:11.1,0.0001442,6.072723034,0.037789869,-3.15922397,0.004375263,1.329907729
05:51.3,0.0001624,0.070884802,0.03782303,-3.783180923,0.00437526,1.329759376
48:13.5,0.0001458,0.048729593,0.037856191,-4.60803749,0.004375249,1.329583098
01:50.9,0.0001443,0.050188688,0.037889353,-4.794714416,0.004375238,1.329391111
42:45.7,0.0001189,6.228092244,0.037924259,-5.280198691,0.004375236,1.329164219
03:17.0,0.0001169,6.216056453,0.037966147,-4.898069324,0.004375227,1.328897183
02:58.7,8.75E-05,5.973045535,0.038001054,-4.63857028,0.00437522,1.328633638
51:41.0,8.36E-05,5.739302315,0.038041196,-3.64873472,0.004375217,1.328226977
40:54.7,8.40E-05,5.722157946,0.038069122,-5.236244319,0.00437521,1.328062916
25:48.2,8.49E-05,5.706982308,0.038112755,-4.219336957,0.004375199,1.327794135
53:59.1,9.97E-05,5.689876336,0.038152897,-2.748657952,0.004375178,1.327548044
16:51.9,0.0001163,5.788686406,0.038186059,-3.254857541,0.004375165,1.327375256
35:45.3,0.0001556,6.130729052,0.038233183,-6.121993679,0.00437504,1.327113457
17:27.3,0.0001401,5.935901438,0.038234928,-2.33183493,0.004375144,1.32713091
21:31.8,0.0001426,5.947326363,0.03830125,-4.653018115,0.004375126,1.326720758
48:58.9,0.0001505,5.955433418,0.038341393,-4.785998242,0.004375109,1.326492119
42:10.7,0.0001407,5.79318761,0.038383281,-4.373489673,0.004375088,1.326284425
24:38.7,0.0001423,5.798634783,0.038428659,-2.862956074,0.004375071,1.325966775
38:49.3,0.0001471,5.779280827,0.038467057,-2.763851044,0.004375058,1.325476338
46:02.8,0.0001464,5.777132327,0.038512435,-3.237695718,0.004375048,1.325284352
21:07.6,0.0001661,6.013666328,0.038550833,-4.878313942,0.004375039,1.324917832
33:26.2,0.0001755,6.004653448,0.03861541,-4.272845262,0.004375022,1.324547823
35:51.6,0.0001782,6.037076429,0.038660788,-3.752218782,0.004375015,1.324327911
59:42.8,0.0001797,6.051588842,0.038692204,-5.220117477,0.004375009,1.324169086
44:22.5,0.0001893,6.099807053,0.038746309,-4.005527143,0.004375005,1.324015497
32:42.9,0.0001937,6.154224674,0.038793433,-3.568545567,0.004375003,1.323818275
39:34.6,0.0001972,6.225992613,0.038831831,-3.330350012,0.004375003,1.323566948
34:43.3,0.0001953,6.266225943,0.038870228,-3.374424812,0.004374997,1.323338309
32:20.2,0.0001967,0.003824016,0.038896408,-5.488467086,0.004374992,1.323200428
46:59.7,0.0001983,0.086091856,0.038934805,-5.226732275,0.004374983,1.322978772
49:16.8,0.0001477,0.049710468,0.038978438,-3.587768624,0.004374974,1.322687302
53:06.3,0.0001259,0.02759191,0.039018581,-3.006528604,0.004374969,1.32249357
30:54.3,0.0001294,0.02488665,0.039053487,-3.346157459,0.004374962,1.322301584
33:39.8,0.0001297,0.02729695,0.039081413,-4.63178793,0.004374954,1.322141014
51:53.0,0.0001252,6.230303576,0.039121555,-3.929511072,0.004374947,1.321907139
09:35.8,0.0001253,6.161663267,0.039158207,-3.240987409,0.004374936,1.321629632
57:57.4,0.0001514,5.98173902,0.039165188,-5.982695461,0.004374785,1.321612179
20:16.8,0.000116,5.99753425,0.039229766,-3.258018332,0.004374916,1.321172356
55:05.7,0.0001224,6.00196215,0.039304815,-3.075662841,0.004374886,1.320713334
45:59.7,0.0001507,6.119387902,0.039344957,-3.478243977,0.004374875,1.320496913
07:50.8,0.0001632,6.121887214,0.0393851,-3.367967094,0.00437486,1.320277002
25:08.7,0.0001928,6.184701613,0.039423497,-3.338085311,0.004374842,1.320149593
54:49.3,0.0002141,6.23758509,0.039470621,-2.719032734,0.004374825,1.319931427
27:14.1,0.0002224,6.27362963,0.039517745,-2.596091741,0.00437481,1.31963123
53:00.9,0.0002142,0.006712536,0.039549161,-3.532521971,0.004374795,1.319428772
46:59.2,0.0002129,6.259591946,0.03959803,-2.986411939,0.00437478,1.319114613
02:27.5,0.0002068,0.000338594,0.039631191,-4.5006404,0.00437477,1.31891739
26:44.6,0.0002092,6.270746346,0.039692278,-2.526866747,0.004374752,1.318475822
49:16.8,0.0002071,6.217089688,0.039769072,-4.702974674,0.004374741,1.317985385
54:01.3,0.0002124,0.01871342,0.039816196,-3.700000276,0.004374738,1.317734057
53:22.6,0.0002085,6.257764587,0.039868556,-3.379118002,0.00437474,1.31750891
41:12.9,0.0001752,5.976370387,0.039945351,-3.116838649,0.00437474,1.317166825
50:23.0,0.000234,0.344770595,0.03996804,-5.024206014,0.004374733,1.317072577
53:05.0,0.0002292,0.823167088,0.040083232,-2.830391721,0.00437546,1.317283762
52:51.6,0.0002325,0.537927929,0.040139082,-3.822583476,0.0043754,1.316639736
13:18.8,0.0002227,0.829069792,0.040170498,-4.006132772,0.004375428,1.316334303
22:29.9,0.0002238,0.849921241,0.040203659,-3.968786217,0.004375418,1.316089957
37:58.0,0.0002189,0.851036506,0.040231585,-3.884101096,0.00437541,1.315753109
31:34.0,0.000173,0.83027756,0.040266491,-3.873395246,0.004375397,1.315608246
05:26.0,0.0002579,0.777383611,0.040282199,-0.785754211,0.004375236,1.316786343
23:09.7,0.0001812,0.793684987,0.040336304,-3.837722462,0.004375376,1.315175405
16:40.5,0.0001895,0.773049959,0.040374702,-3.565018257,0.00437536,1.314929313
07:28.4,0.0001773,0.640651027,0.040407863,-3.980090714,0.004375344,1.314756526
44:02.6,0.0001764,0.643572708,0.04044626,-3.80513891,0.00437533,1.314534869
17:29.0,0.0002031,0.662725952,0.040491639,-2.872586801,0.004375308,1.314304485
00:25.6,0.0002072,0.553777264,0.040523055,-4.133128164,0.0043753,1.314135188
49:52.6,0.0002614,0.685568821,0.040610321,-2.700448468,0.004375258,1.313677912
15:22.7,0.0002621,0.688624892,0.040678389,-3.869037159,0.004375241,1.313197947
23:40.5,0.0002456,0.68943298,0.040786599,-4.322944938,0.004375218,1.312552175
21:59.3,0.0002476,0.702320491,0.040826742,-3.800464918,0.004375208,1.312321791
58:06.8,0.0002754,0.810921858,0.040865139,-3.73339017,0.004375205,1.312119333
15:31.2,0.0002607,0.769117732,0.040919244,-3.597764124,0.004375203,1.311974471
30:58.7,0.0002619,0.767628966,0.041001275,-2.705733325,0.004375203,1.311620169
00:08.2,0.0002641,0.729896693,0.041034436,-3.572894928,0.004375199,1.311475307
20:48.1,0.0002666,0.668366856,0.041037927,-2.108225091,0.0043752,1.311429928
38:44.5,0.0002652,0.810750816,0.041099013,-3.449505386,0.004375192,1.311035484
30:31.5,0.0002635,0.842288916,0.04113741,-3.499360716,0.004375185,1.310834771
35:11.5,0.0002652,1.006594211,0.041172317,-3.363211071,0.004375175,1.310672455
09:14.0,0.0002604,1.000441926,0.041205478,-3.453085056,0.004375167,1.310543301
02:07.5,0.0002564,0.992413411,0.04123864,-3.721038475,0.004375155,1.310295464
36:49.5,0.0002492,1.010318744,0.041306707,-3.552008573,0.004375128,1.309902765
57:50.0,0.0002135,0.899120327,0.041378266,-3.576087135,0.004375105,1.309304117
14:57.7,0.0002146,0.918805895,0.041406191,-3.503477947,0.00437508,1.309209869
25:18.1,0.0002133,0.839662195,0.041446334,-3.361617586,0.004375071,1.309038827
10:39.7,0.0002163,0.781289658,0.041482986,-3.612395219,0.00437506,1.308883493
34:33.7,0.0002247,0.747145782,0.041517892,-3.981279283,0.004375043,1.308670562
28:18.5,0.0002273,0.749842316,0.041556289,-3.993908486,0.00437503,1.308450651
44:51.4,0.0002373,0.719264147,0.04163832,-3.068545388,0.004374997,1.307934033
53:54.7,0.000266,0.691527375,0.041676717,-3.508801202,0.004374988,1.307656526
34:04.8,0.0002925,0.771981817,0.04172035,-3.133602536,0.004374976,1.307337131
00:13.8,0.0002881,0.834686261,0.041751766,-3.589440649,0.004374955,1.30698981
09:59.5,0.0002786,0.812897571,0.041790164,-4.032640833,0.004374946,1.306778626
08:44.1,0.0002754,0.828698037,0.041842523,-2.986542839,0.004374936,1.306501118
35:10.8,0.000271,0.815210132,0.041889647,-2.840046883,0.004374928,1.306288188
43:17.5,0.0002833,0.840016497,0.041924554,-4.124750584,0.004374923,1.306171251
15:24.1,0.0002888,0.925717399,0.041976914,-3.265224796,0.00437492,1.305989737
31:34.5,0.0002888,0.931054616,0.042015311,-3.182545059,0.004374917,1.305806477
57:35.0,0.0002934,0.942275338,0.042050218,-3.850297559,0.004374914,1.305661615
48:23.6,0.0002874,0.894144393,0.042093851,-3.300157561,0.00437491,1.30555515
06:57.2,0.0002969,1.002679438,0.042137484,-3.310430569,0.004374914,1.305521988
16:09.1,0.0002886,0.998989812,0.042158428,-2.986460808,0.004374906,1.305042023
10:28.7,0.0002698,0.93287674,0.042191589,-2.927880577,0.004374896,1.30481513
41:00.9,0.0002767,1.091036731,0.042256167,-4.230583859,0.004374882,1.304370071
17:06.6,0.0002719,1.097358314,0.042289328,-3.274335415,0.004374872,1.304233935
29:26.8,0.0002695,1.12513872,0.042324234,-3.231000635,0.004374864,1.304059403
38:30.9,0.0002652,1.192984904,0.042359141,-3.241956067,0.004374849,1.303752225
38:43.6,0.0002655,1.196301029,0.042394048,-3.227211525,0.004374834,1.303539294
22:09.2,0.0002448,1.006623882,0.042435935,-1.009519383,0.004374659,1.302897013
04:01.2,0.0002463,1.109453446,0.042470842,-2.73258347,0.004374797,1.302713754
39:22.6,0.00023,1.008014909,0.042502258,-3.509424284,0.004374785,1.302567146
33:53.4,0.000238,0.955983154,0.04253891,-3.464375591,0.004374766,1.302369924
22:25.3,0.000243,0.921832296,0.042580798,-2.413430818,0.004374744,1.3021919
10:18.3,0.0002497,0.83740723,0.042613959,-2.889987734,0.004374734,1.301985951
21:40.6,0.0002607,0.777254457,0.04264712,-3.288277105,0.004374723,1.301985951
25:50.5,0.0002796,0.845020356,0.042680282,-3.583312798,0.004374717,1.301699717
36:45.5,0.0002973,0.830919841,0.042727405,-2.717004661,0.004374693,1.301432682
08:55.2,0.0003024,0.919120055,0.042767548,-2.910064256,0.00437468,1.301170883
15:06.2,0.0003098,0.937707811,0.042776275,-1.589080396,0.004374683,1.301128995
14:42.3,0.0003077,0.956236227,0.042853069,-2.625413273,0.004374667,1.300601905
28:55.6,0.0003079,0.959412726,0.042880994,-4.386998521,0.004374661,1.300451807
04:54.2,0.0003021,1.008461714,0.0429351,-2.686656876,0.004374651,1.300083543
17:58.4,0.0003026,1.054175378,0.042966516,-3.970852686,0.004374648,1.299936935
10:56.3,0.0003031,1.063657751,0.043011894,-3.731728616,0.004374644,1.299715278
20:00.4,0.0002973,1.01475188,0.043053782,-3.626279314,0.004374644,1.299551217
26:00.9,0.0003012,1.071489044,0.043097415,-2.852440466,0.004374639,1.299387156
26:36.7,0.0003051,1.085467386,0.043137558,-2.584506246,0.004374635,1.299228331
36:27.1,0.0003003,1.114740048,0.043172464,-2.553856519,0.004374634,1.29900842
53:15.6,0.0003022,1.113619547,0.043212607,-1.412315195,0.004374627,1.298739639
16:24.2,0.0002969,1.154873894,0.043268457,-4.206117834,0.004374618,1.298362648
12:51.0,0.0001554,1.093632036,0.043333035,-3.861366437,0.004375463,1.297825086
53:51.6,0.0001542,1.094817115,0.043411574,-2.859313572,0.004375446,1.29731196
06:42.4,0.0001504,1.14154656,0.04344299,-4.144594977,0.004375431,1.297114737
34:24.5,0.0001973,1.572433446,0.043463934,-1.566637207,0.004375217,1.297109501
39:51.3,0.0001241,0.931661991,0.043556437,-2.423108668,0.004375369,1.296442786
20:03.5,0.0001312,0.867046411,0.043587853,-3.214840632,0.004375364,1.296273489
13:48.7,0.0001566,0.745414416,0.043631486,-1.789948594,0.004375335,1.295999472
09:24.7,0.0001597,0.744672651,0.043664647,-2.315685398,0.004375324,1.295793523
08:12.3,0.0001726,0.643562236,0.043711771,-1.67685824,0.004375306,1.295498563
18:57.5,0.0001703,0.624590507,0.043744932,-2.642833404,0.004375325,1.295053504
28:17.5,0.0002042,0.663476443,0.043781584,-2.885610448,0.004375285,1.294777742
06:50.4,0.0001985,0.693325064,0.043826963,-2.203888333,0.004375277,1.294507216
39:37.4,0.0001933,0.759925083,0.043870596,-1.846739863,0.004375272,1.294290795
30:09.5,0.0001887,0.93404262,0.043912484,-3.094800376,0.004375267,1.294201783
00:27.2,0.0001851,0.918222955,0.043959608,-1.878468203,0.004375257,1.293920785
08:58.7,0.0001847,0.937852674,0.044001496,-2.105608843,0.004375255,1.293756724
26:23.7,0.0001819,0.971389175,0.044043384,-2.045211724,0.004375249,1.293559502
46:35.2,0.0001808,0.946376862,0.044085272,-1.914078156,0.004375247,1.29333959
46:17.2,0.0001746,1.039858442,0.044123669,-1.991181566,0.004375244,1.293158076
26:01.6,0.0001731,1.06743988,0.044155085,-3.139857796,0.004375241,1.293009723
23:04.0,0.0001745,1.032573437,0.044198718,-1.787464991,0.004375238,1.292725234
30:01.8,0.0001744,1.06049696,0.044231879,-2.0297132,0.004375231,1.29249136
09:23.0,0.0001621,0.925101298,0.044259805,-0.916755134,0.004375042,1.292020121
04:26.3,0.0001637,1.175940018,0.044334854,-2.203912768,0.004375208,1.291704217
19:58.7,0.000159,1.247959284,0.044374996,-1.140117135,0.004375195,1.291419728
15:47.1,0.0001532,1.275723982,0.044483207,-1.395872448,0.004375161,1.290780938
03:03.3,0.0001497,1.290957216,0.044514623,-1.974258854,0.004375151,1.290569753
27:53.2,0.0001486,1.312801757,0.044518113,-1.099906495,0.004375149,1.29058197
55:19.9,0.0001259,1.344245609,0.04455651,-0.731256305,0.00437513,1.290402201
34:02.9,0.0001184,1.275566903,0.044610616,-4.396039327,0.004375105,1.290072334
02:06.6,0.0001212,1.201655699,0.044649013,-4.181829832,0.004375088,1.289836714
24:43.4,0.0001254,1.091312493,0.044689155,-3.955026041,0.004375068,1.289571424
23:19.5,0.0001324,1.004128061,0.044734534,-3.068877001,0.004375051,1.289274718
27:23.7,0.0001542,0.87936669,0.044779913,-2.38378291,0.004375026,1.28896754
09:35.7,0.000164,0.858045748,0.044820055,-2.685382786,0.004375016,1.288690033
36:38.8,0.0001663,0.875382104,0.044837508,-0.221587002,0.004375012,1.288552152
46:52.4,0.0001595,0.922586279,0.044895104,-2.814364363,0.004375031,1.288236248
40:33.4,0.0001634,0.91652475,0.044970154,-3.588766952,0.004375008,1.287815623
52:55.3,0.0001708,0.952265603,0.045019023,-3.815747021,0.004374967,1.287573022
23:25.2,0.0001727,1.082849392,0.045088836,-1.695346513,0.004374963,1.287269335
03:47.1,0.0001727,1.152615438,0.045130724,-1.571185535,0.004374964,1.287091312
58:20.6,0.0001693,1.194986796,0.045169121,-1.357494403,0.004374961,1.286866164
48:23.7,0.0001678,1.239733548,0.045205773,-1.69093083,0.004374958,1.286641017
59:03.1,0.0001663,1.250725631,0.045242425,-1.637958342,0.004374957,1.286433322
04:09.9,0.0001663,1.265597582,0.045279077,-1.613122306,0.004374953,1.286213411
20:55.1,0.0001646,1.290721596,0.045282567,-0.777408046,0.00437495,1.286197703
31:27.5,0.0001492,1.373617755,0.045341909,-2.879742651,0.004374939,1.285820712
36:47.4,0.0001515,1.374247818,0.04537507,-2.839753667,0.004374932,1.285614763
55:50.0,0.0001506,1.387847424,0.045409976,-2.752755986,0.004374924,1.285401833
15:13.5,0.0001479,1.389718417,0.045443138,-3.177546436,0.004374917,1.285194139
34:42.8,0.0001516,1.381553767,0.045488516,-1.491739893,0.004374903,1.284900923
32:12.1,0.0001485,1.431457966,0.045521678,-2.060450194,0.004374892,1.284703701
11:39.3,0.000148,1.421986064,0.045553093,-2.911205702,0.004374882,1.284504734
07:55.2,0.0001364,1.494748841,0.045594981,-1.933083046,0.004374865,1.284251661
01:58.1,0.0001141,1.591633813,0.045628143,-2.826426333,0.004374853,1.284059675
56:28.5,0.0001159,1.548892445,0.04566654,-2.790572034,0.004374836,1.283834527
46:22.0,0.0001042,1.433910154,0.045710173,-1.652788404,0.004374807,1.283647777
37:25.9,0.0001009,1.355899172,0.045746825,-1.859321941,0.004374794,1.283459281
43:45.4,8.82E-05,1.253301737,0.045779986,-2.499575034,0.004374777,1.28329173
17:21.0,0.0001276,1.048831179,0.04582362,-1.868533789,0.00437475,1.283028185
57:08.8,0.0001367,1.000822408,0.045867253,-1.891902003,0.004374733,1.282796056
09:17.5,0.0001423,1.002866188,0.045917867,-1.561261593,0.004374719,1.282508077
02:33.9,0.0001502,1.011793547,0.045966737,-1.057657309,0.00437471,1.282314345
39:10.6,0.0001539,0.998967123,0.045978954,-6.117721113,0.004374708,1.282183446
42:37.5,0.0001723,1.038521519,0.046080183,-3.220601963,0.004374689,1.281567344
25:08.7,0.0001371,1.267337675,0.046186648,-1.129812711,0.004374673,1.281403284
24:11.3,0.0001393,1.544192273,0.046225045,-2.181403256,0.004374705,1.281218279
16:24.7,0.0001373,1.572206553,0.046233772,-0.66841398,0.0043747,1.281157192
56:09.3,0.000135,1.575988681,0.046294858,-2.826944696,0.004374687,1.280762748
10:46.2,0.0001299,1.5878831,0.046335001,-2.232928866,0.00437468,1.280499203
26:04.9,0.0001274,1.575370835,0.046375144,-1.611479952,0.004374673,1.280251366
15:46.7,0.0001149,1.630394085,0.046443211,-2.465307239,0.004374663,1.279867394
03:07.4,6.83E-05,3.668851385,0.046485099,-3.229424603,0.004375401,1.280368303
14:16.1,3.74E-05,3.298780497,0.04659331,-1.705814998,0.004375534,1.279790599
29:05.4,3.28E-05,4.168347163,0.046654396,-5.624936125,0.004375536,1.279520073
56:12.5,3.74E-05,4.235851263,0.046699775,-4.242893666,0.00437552,1.279268746
29:36.0,9.48E-05,4.178953529,0.046811476,-4.248440323,0.004375467,1.27873642
14:59.5,6.67E-05,4.805524985,0.04683591,-6.233727912,0.004375444,1.278647409
23:12.7,6.24E-05,5.035924154,0.046877798,-5.360005617,0.004375424,1.278429242
58:51.8,7.47E-05,5.121337077,0.046928413,-5.27139176,0.004375402,1.278122065
12:28.9,7.50E-05,5.132453079,0.046968556,-5.204933113,0.00437539,1.27786201
46:08.1,6.52E-05,5.16802289,0.047073275,-5.057353307,0.004375363,1.277371573
00:42.0,7.43E-05,0.266478616,0.047164032,-0.318775661,0.004375353,1.27703996
18:30.2,3.15E-05,6.131894932,0.047207666,-6.088572369,0.004375352,1.276945713
48:26.2,2.78E-05,5.869531802,0.047254789,-4.627168044,0.004375337,1.276654243
51:00.9,8.40E-06,4.86608791,0.047328093,-4.889503248,0.004375345,1.276450039
17:34.1,6.20E-06,5.325578997,0.047366491,-5.214925123,0.004375339,1.276245836
27:19.2,1.22E-05,4.536096763,0.047404888,-4.364886945,0.004375341,1.276024179
54:32.9,3.55E-05,4.213840916,0.047446776,-3.380571861,0.00437533,1.275793795
01:31.4,5.63E-05,4.128169684,0.047513098,-4.016306296,0.004375324,1.27539586
30:20.8,1.87E-05,4.813001976,0.047492154,-4.821299271,0.004375103,1.276542542
15:54.7,5.18E-05,4.098909239,0.047589893,-3.100826998,0.004375305,1.274982217
54:38.5,6.45E-05,4.066163372,0.047642253,-5.751050126,0.004375287,1.274716927
57:37.5,6.25E-05,4.032817111,0.047689376,-3.849115971,0.004375271,1.274456873
14:36.1,6.58E-05,4.038047863,0.047729519,-2.712171844,0.00437526,1.27422649
04:52.1,6.56E-05,4.112702576,0.047767916,-2.286630902,0.004375245,1.274013559
47:32.1,6.64E-05,4.460684577,0.047823767,-5.563025806,0.004375224,1.273723835
36:35.3,7.46E-05,4.436192372,0.047898816,-5.551272759,0.004375172,1.273338117
04:11.0,5.83E-05,4.330414947,0.04797561,-5.289695028,0.004375122,1.272927965
55:11.1,8.53E-05,5.585599894,0.048026225,-5.253915778,0.004375102,1.272653948
14:31.1,0.0001104,4.575029823,0.04805415,-5.716447228,0.004375119,1.272441018
01:24.1,7.41E-05,5.486119618,0.048164106,-4.812228795,0.004375074,1.272039592
10:15.8,4.77E-05,5.549644367,0.048260099,-4.539850967,0.004375051,1.271943599
31:58.7,2.86E-05,5.368234844,0.048336894,-5.541142868,0.00437505,1.271618968
42:16.5,2.10E-05,5.311134652,0.048375291,-5.158894818,0.004375049,1.271313535
14:33.4,1.12E-05,0.949183351,0.048422415,-0.113339936,0.004375047,1.271280374
59:26.2,6.65E-05,4.345569641,0.048490483,-5.116141232,0.004375045,1.270851023
50:33.9,4.79E-05,4.567214239,0.048504445,-4.308821733,0.004375007,1.270248884
52:06.8,4.58E-05,4.498580911,0.048556805,-2.115803311,0.004374997,1.269974868
13:20.4,6.40E-05,4.318590341,0.048822095,-4.609662391,0.004374949,1.269117911
52:22.1,7.66E-05,4.374508945,0.048975684,-3.899997555,0.004374922,1.267794951
48:27.2,0.0002511,5.42108865,0.021966714,-4.393353265,0.004374787,1.272819754
46:42.3,0.000249,5.412997303,0.022010347,-3.588311421,0.004374774,1.272561446
42:37.5,0.0002481,5.400237201,0.022033036,-5.413780956,0.004374625,1.272301391
02:01.3,0.000265,5.45970755,0.022071434,-0.400980669,0.004374752,1.272285684
55:05.2,0.0002633,5.462266203,0.02213252,-3.287475999,0.004374734,1.271957562
48:48.0,0.0002622,5.481681245,0.022177899,-2.792703081,0.00437472,1.27199945
55:39.0,0.0002623,5.508561061,0.022218041,-2.772952936,0.004374708,1.272062281
51:17.8,0.000261,5.512111061,0.022275637,-5.649365499,0.004374693,1.271877276
55:07.3,0.0002576,5.506440486,0.022324506,-4.035216939,0.00437468,1.271824917
33:52.1,0.0002564,5.503990044,0.02236814,-3.583989986,0.004374671,1.271770811
09:17.1,0.0002566,5.502944592,0.022406537,-3.411130831,0.004374662,1.271611986
14:46.2,0.0002638,5.523684339,0.022451915,-5.73564585,0.00437465,1.270308225
21:09.1,0.0002628,5.504471755,0.022499039,-3.834189915,0.00437464,1.270135438
07:40.0,0.0002601,5.491259612,0.022602014,-5.404528966,0.004374617,1.269721795
07:54.4,0.0002657,5.477223675,0.022649138,-3.535202797,0.004374609,1.269631038
22:27.8,0.0002614,5.489132056,0.02268928,-3.204136527,0.0043746,1.26945825
38:17.7,0.0002572,5.493952655,0.022727678,-2.860503887,0.004374591,1.26937622
03:51.8,0.0002568,5.509716469,0.022792255,-4.568371392,0.004374574,1.269034135
25:59.0,0.0002581,5.517762437,0.022818435,-5.513709783,0.004374414,1.269678162
08:57.4,0.0002518,5.402017437,0.022889993,-3.619629609,0.00437458,1.271166927
37:52.6,0.0002517,5.415901531,0.022959806,-4.261055562,0.00437456,1.270816116
43:07.2,0.000237,5.473705091,0.022998204,-4.015941522,0.004374545,1.269788117
06:55.0,0.0002369,5.481229205,0.023038346,-3.640215768,0.004374535,1.269624056
49:02.0,0.0002528,5.409881891,0.023068017,-4.680861353,0.004374535,1.270046426
31:07.3,0.0002633,5.969242463,0.023115141,-4.250712741,0.004375269,1.269737503
00:21.6,0.0002571,5.981629064,0.023157029,-4.117470816,0.004375266,1.269608348
05:13.5,0.0002554,6.021590123,0.023233823,-4.363511626,0.004375238,1.269473958
57:11.1,0.0002282,6.087280825,0.023282692,-3.659187497,0.004375226,1.2694024
09:31.8,0.0002304,6.062184736,0.023342033,-5.907609651,0.004375215,1.269168525
16:58.1,0.0002282,6.063722371,0.023392648,-4.021357279,0.004375206,1.269112675
04:29.0,0.0002009,6.140679174,0.023441517,-2.822649441,0.004375196,1.268966067
34:08.6,0.0002132,6.068659907,0.023499113,-5.210945772,0.004375186,1.268707759
01:37.1,0.0002126,6.084982227,0.023542746,-4.301815982,0.004375176,1.268494828
19:40.7,0.0001683,5.864103829,0.023650957,-5.262282886,0.004375189,1.268805497
06:19.2,0.0001742,5.865365702,0.023689354,-4.516915595,0.004375182,1.268751392
03:44.1,0.0001749,5.871116561,0.023727751,-3.991316672,0.004375171,1.268562896
18:49.4,0.0001845,5.877219978,0.023769639,-2.863748454,0.00437516,1.268393599
06:00.7,0.0001871,5.883508399,0.023827235,-5.253861673,0.004375144,1.268201613
07:32.6,0.0001795,5.86498871,0.023867378,-4.947900219,0.004375132,1.267337675
52:34.9,0.00019,5.876457269,0.023949408,-3.152225199,0.004375108,1.267013044
54:22.4,0.000196,5.856646037,0.023987805,-3.107110184,0.004375097,1.266821058
19:25.7,0.0001961,5.82862303,0.024057618,-3.984621589,0.004375076,1.266431849
17:01.0,0.0001947,5.841980035,0.024099506,-3.203525662,0.004375063,1.266215428
32:26.4,0.0001981,5.822706364,0.024137904,-3.099439461,0.00437505,1.266056603
06:05.5,0.0002345,5.910344582,0.02417281,-3.022665918,0.004375034,1.265918722
52:47.3,0.0002224,5.892664396,0.024249605,-3.028781552,0.004375015,1.265887306
31:14.9,0.0002423,5.890737553,0.024289747,-2.841416966,0.004375004,1.265847164
33:41.7,0.0002109,5.931269334,0.024361306,-3.624396103,0.004374981,1.265676122
56:34.5,0.0002047,5.908665575,0.024401448,-3.222008699,0.00437497,1.265604563
20:47.7,0.0001988,5.925453897,0.0244381,-3.115595974,0.004374959,1.265457955
38:17.7,0.000195,5.897544337,0.024476497,-2.994061717,0.004374947,1.265466682
36:01.5,0.0001828,5.894140945,0.024548056,-3.491127998,0.004374928,1.26511238
02:36.6,0.0001856,5.895064224,0.024588199,-3.096083193,0.004374917,1.265005915
25:20.9,0.0001892,5.89962826,0.024628341,-2.458910607,0.004374907,1.264803457
48:36.5,0.0001904,5.897893403,0.024685937,-5.208722222,0.004374892,1.264559111
52:49.8,0.0001924,5.896853187,0.024734806,-3.071959252,0.00437488,1.264381087
50:33.0,0.0001952,5.891945321,0.024774949,-2.534897007,0.00437487,1.264267641
30:12.3,0.0001991,5.896947434,0.024813346,-2.086774995,0.004374861,1.264121033
01:38.7,0.0002038,5.907110487,0.024849998,-1.942301875,0.004374851,1.263991879
33:02.5,0.000206,5.90175058,0.024907594,-4.652939575,0.004374837,1.263689937
14:46.3,0.000206,5.899355989,0.024977407,-5.221230997,0.004374819,1.263267567
13:07.7,0.000206,5.900343845,0.025024531,-3.374712791,0.004374807,1.262995296
34:53.2,0.0002064,5.901148442,0.025097835,-3.508734879,0.004374788,1.262621795
12:00.9,0.0002368,6.040488548,0.025150195,-2.156860436,0.004374776,1.263112233
34:59.8,0.0002607,6.052037392,0.025265386,-2.279520431,0.004374747,1.26264623
16:57.0,0.0002906,6.12531504,0.025352653,-2.662578314,0.00437469,1.264131505
51:49.7,0.0002878,6.127189524,0.025394541,-1.969986288,0.004374682,1.263979662
15:51.4,0.0002709,6.038760672,0.025441665,-3.841063022,0.004374699,1.262394903
11:29.5,0.0001523,0.240166032,0.025516714,-3.804084731,0.004375376,1.26466034
03:52.1,0.0001396,0.209088699,0.025555111,-3.525982223,0.004375371,1.264546894
37:54.0,0.0001341,0.18263998,0.025591763,-3.33277602,0.004375365,1.264412503
10:55.0,0.000141,0.195126065,0.025633651,-2.132766166,0.004375355,1.264201318
52:39.8,0.0001447,0.161313801,0.025698228,-3.455793807,0.004375344,1.26386447
04:20.5,0.0001467,0.129594188,0.025733134,-3.355250625,0.004375336,1.263806874
14:01.4,0.0001504,0.119713879,0.025769786,-3.28520009,0.004375328,1.263641068
40:20.6,0.0001515,0.118863903,0.025806438,-3.151371733,0.004375318,1.263454317
15:58.4,0.0001597,0.135685387,0.025844836,-2.73200053,0.004375307,1.263293747
36:54.6,0.0001664,0.142588164,0.025879742,-2.629567156,0.004375297,1.263148885
36:57.4,0.000179,0.164249445,0.025919885,-2.108280942,0.004375287,1.263033693
10:34.4,0.0001906,0.188533956,0.026024604,-2.982512874,0.004375257,1.26256769
18:13.0,0.0001828,0.196227368,0.026097908,-3.183936087,0.004375235,1.262201171
20:15.0,0.0001688,0.193202712,0.026141542,-2.628315755,0.004375224,1.26105449
19:07.1,0.0001923,0.28428621,0.026211355,-3.73911485,0.004375204,1.260567543
39:23.3,0.0002304,0.136013509,0.026293385,-2.944213368,0.004375147,1.262211643
00:00.8,0.0002339,0.203672942,0.026415558,-3.13187466,0.004375118,1.261965552
23:01.6,0.000234,0.260073257,0.026490607,-3.052689072,0.004375101,1.26171946
26:17.0,0.000226,0.293189134,0.02653075,-2.791718716,0.004375093,1.261735168
34:35.3,0.0002203,0.321357003,0.026569147,-2.503648632,0.004375085,1.261670591
33:37.2,0.0002112,0.30800698,0.026611035,-1.952072229,0.004375076,1.261555399
53:12.8,0.0002051,0.28874029,0.026649432,-1.829663561,0.004375068,1.261440208
02:26.3,0.0002065,0.293321779,0.026703538,-5.171888794,0.004375056,1.261242985
36:13.3,0.000206,0.275802164,0.026740189,-4.98909348,0.004375048,1.261064962
44:54.4,0.0002168,0.288286505,0.026778587,-3.632878403,0.004375038,1.26018008
45:53.7,0.0002207,0.306195328,0.026816984,-3.629101511,0.00437503,1.260043944
38:22.3,0.000217,0.330896973,0.026857127,-2.881959219,0.004375019,1.260035217
20:33.5,0.0002215,0.346105772,0.02692694,-3.728040736,0.004375001,1.259780399
42:05.7,0.0001988,0.388087922,0.026977554,-3.396672524,0.004375006,1.260534382
23:14.7,0.0002033,0.392372705,0.027014206,-2.941120645,0.004374996,1.260417445
33:12.6,0.0002103,0.397491756,0.027054349,-2.097712973,0.004374985,1.260167863
54:15.4,0.0002184,0.325852971,0.02706133,-0.337548423,0.004374836,1.255774869
45:12.9,0.0002168,0.387660316,0.027153833,-2.508394182,0.004374951,1.259454023
41:36.9,0.0002155,0.367770544,0.02719572,-1.962067729,0.00437494,1.259354539
31:51.5,0.0002089,0.328598374,0.027267279,-3.243949233,0.004374922,1.25927949
26:32.9,0.0002165,0.329516417,0.027314403,-0.341499848,0.004374769,1.254198836
38:54.5,0.0002499,0.292854031,0.027412141,-2.848183608,0.00437485,1.260263856
41:14.9,0.0002513,0.3106337,0.027454029,-2.051110937,0.004374839,1.260096304
40:41.1,0.0002502,0.327175931,0.027522097,-3.348572995,0.004374823,1.259876393
21:01.8,0.0002459,0.358167742,0.027560494,-2.923618483,0.004374814,1.259860685
50:41.5,0.0002295,0.396570222,0.027632053,-3.059506328,0.004374813,1.258595321
40:19.9,0.0002294,0.410332143,0.027707102,-3.084565766,0.004374794,1.258307342
04:51.3,0.0002265,0.403000015,0.027754226,-1.377815271,0.004374782,1.25806125
39:17.4,0.000224,0.401732906,0.027817058,-2.504449738,0.004374766,1.257806432
19:02.1,0.0002212,0.387361865,0.027855455,-2.299193782,0.004374757,1.257644116
50:00.8,0.0002211,0.385140061,0.027925268,-2.390080058,0.004374739,1.257405006
25:31.9,0.0002199,0.378094167,0.027967156,-1.423237465,0.004374728,1.257282833
29:51.3,0.0002229,0.37657573,0.028019516,-4.781497037,0.004374715,1.257036742
14:26.2,0.0002265,0.437465032,0.028042205,-0.450111687,0.004374587,1.259747238
03:59.9,0.0002255,0.265649584,0.028106782,-1.863641631,0.00437469,1.257879736
18:51.6,0.0002749,0.523455659,0.028290042,-2.23716129,0.004374609,1.259169534
38:55.5,0.0001595,0.36385577,0.028399998,-1.16792023,0.004375414,1.259958423
56:02.1,0.0001562,0.397039716,0.02843665,-1.108350398,0.004375407,1.259825778
13:58.2,0.0001472,0.459520757,0.028489009,-4.469620663,0.004375393,1.259553507
54:17.3,0.0001431,0.495013773,0.028523916,-4.310809663,0.004375387,1.259401663
31:08.3,0.0001382,0.569993118,0.028567549,-2.893930433,0.004375383,1.25922713
57:22.5,0.0001324,0.558295921,0.028614673,-1.174240067,0.004375376,1.258995001
32:06.6,0.0001301,0.637964965,0.028674014,-2.904086504,0.004375365,1.258829195
25:58.0,0.0001251,0.624262386,0.028717648,-1.324116726,0.004375357,1.258609283
02:53.4,0.0001225,0.630559533,0.028754299,-1.150994027,0.004375349,1.258441732
16:07.1,0.0001191,0.637851519,0.028787461,-1.08254745,0.004375342,1.25827418
45:45.4,0.0001164,0.618241,0.02883633,-4.83568602,0.004375331,1.258000164
49:52.3,0.0001162,0.628121309,0.028883454,-2.7093671,0.004375319,1.257722656
44:04.9,0.0001173,0.570354401,0.028897416,-0.576798157,0.004375179,1.257764544
08:09.7,0.0001161,0.626464991,0.028953267,-2.329578219,0.0043753,1.2573701
19:06.8,0.0001155,0.586168829,0.028995155,-1.173552408,0.004375289,1.257289815
07:01.0,0.000118,0.552801625,0.029045769,-4.045645281,0.004375274,1.257094338
13:19.9,0.0001211,0.531274734,0.029087657,-2.666180673,0.004375261,1.256966929
14:49.7,0.0001232,0.537706272,0.029122564,-2.648346899,0.00437525,1.25676098
15:47.2,0.0001214,0.565804328,0.029136527,-0.571972321,0.004375112,1.256637061
48:49.8,0.0001215,0.559856245,0.029230774,-2.731174989,0.004375218,1.256083792
07:19.2,0.0001504,0.742709155,0.029298842,-1.224308328,0.004375148,1.256937258
23:44.9,0.0001514,0.735263581,0.029361674,-2.947686574,0.004375132,1.256715601
49:33.4,0.0001246,0.811028323,0.029379127,-0.811267434,0.004375011,1.257790724
23:19.3,0.0001483,0.772306449,0.029450686,-1.376562125,0.004375116,1.256541068
08:11.1,0.0001464,0.785424343,0.029490828,-1.176004595,0.004375109,1.256504416
11:04.6,0.000144,0.779664757,0.029530971,-1.140227091,0.004375102,1.256474746
41:44.8,0.0001444,0.808179946,0.029586821,-3.887511469,0.004375089,1.256343846
08:50.8,0.00014,0.845043045,0.029630455,-2.738224374,0.004375081,1.256155351
57:28.7,0.0001311,0.899760863,0.029675833,-1.250086841,0.004375073,1.255996526
08:20.2,0.0001275,0.972733079,0.02971074,-1.258103138,0.004375066,1.255842937
47:23.6,0.0001232,0.978768427,0.029747392,-1.07584364,0.004375059,1.255720764
02:14.1,0.0001209,1.044043741,0.029796261,-4.716719142,0.004375048,1.25551656
49:34.0,0.0001162,1.099566155,0.029838149,-2.972611621,0.004375038,1.255336791
34:57.0,0.0001122,1.054688504,0.029883527,-1.136616005,0.004375027,1.255130842
49:50.6,0.0001107,1.02058128,0.029920179,-1.020008812,0.004375018,1.255005179
03:21.7,0.0001106,1.009030691,0.029972539,-4.327365857,0.004375004,1.254729417
02:33.7,0.0001116,0.971979096,0.030016172,-2.438839321,0.004374992,1.254512996
44:00.3,0.0001134,0.947816758,0.03005806,-0.903460961,0.004374979,1.2543245
59:30.0,0.000115,0.976520443,0.030094712,-0.84716013,0.004374969,1.254214544
45:34.9,0.0001216,0.956459629,0.030161035,-1.115577806,0.004374947,1.253415184
26:48.1,0.0001256,0.922596751,0.030201177,-0.884215215,0.004374938,1.253354097
08:16.4,0.0001247,1.059390421,0.03029717,-3.938338948,0.004374913,1.253109751
43:11.7,0.000123,1.006573268,0.030318114,-3.716961385,0.004374871,1.254045247
01:33.1,0.000121,1.217913441,0.030380946,-1.20672239,0.004374709,1.254902204
44:38.9,0.0001251,1.107427118,0.030412362,-0.889758381,0.004374845,1.253783448
55:19.6,0.000127,1.14870241,0.030449014,-0.867273304,0.004374835,1.253675238
25:16.3,0.0001277,1.174116149,0.030487411,-0.744567931,0.004374826,1.253493723
46:39.6,0.000127,1.228340038,0.030550243,-2.50854079,0.004374811,1.253113242
00:39.3,0.0001272,1.238246527,0.030586895,-2.440153554,0.004374803,1.252959653
28:58.1,0.0001252,1.470603956,0.030625292,-2.53059128,0.004374809,1.251952598
41:10.5,0.0001251,1.478731954,0.03066369,-2.468270808,0.004374799,1.251786791
46:09.5,0.0001249,1.487558084,0.030698596,-2.438265108,0.00437479,1.251629712
07:58.8,0.0001244,1.49636327,0.030740484,-1.547098246,0.004374779,1.251497067
57:21.6,0.0001238,1.491771309,0.030796335,-4.180033888,0.004374765,1.251230031
46:15.8,0.0001223,1.476794639,0.030843459,-2.096597708,0.004374753,1.251058989
07:56.1,0.000123,1.448244543,0.030890582,-1.433812415,0.004374569,1.253308719
30:17.2,0.0001199,1.426607696,0.030935961,-4.427984088,0.004374729,1.25064011
31:08.5,0.0001185,1.412016743,0.030976104,-3.080179753,0.004374718,1.250418453
46:02.8,0.0001177,1.40677901,0.031042426,-4.025837539,0.004374701,1.250018773
36:33.2,0.0001162,1.379040493,0.031079078,-3.497706144,0.00437469,1.24979188
30:05.6,0.0001156,1.366016846,0.03111573,-3.233513909,0.004374681,1.249561497
34:24.4,0.0001199,1.40226908,0.031161108,-2.184988163,0.00437467,1.25029628
00:07.1,0.0001182,1.384372473,0.031201251,-2.037799311,0.004374661,1.250182834
47:03.3,0.000126,1.484460125,0.031290263,-0.850600174,0.004374611,1.251181162
02:19.7,9.87E-05,0.52357085,0.031382765,-0.575820772,0.004375342,1.251542445
57:40.6,9.26E-05,0.523925152,0.031421163,-0.053660148,0.004375349,1.251437726
19:09.7,9.23E-05,0.553159417,0.031456069,-6.254211096,0.004375344,1.251254466
39:39.1,8.94E-05,0.627817621,0.031508429,-3.333383394,0.004375344,1.251025828
02:38.9,8.48E-05,0.648983229,0.031545081,-3.236096997,0.004375339,1.25087922
20:58.2,8.08E-05,0.682327744,0.031579987,-3.171420331,0.004375332,1.250681998
04:27.5,6.99E-05,0.725917342,0.031628857,-1.431602828,0.004375324,1.250423689
11:16.1,6.57E-05,0.730271939,0.031663763,-1.388341352,0.004375318,1.250252647
24:21.2,6.37E-05,0.753793741,0.031700415,-1.336770363,0.00437531,1.250041462
54:34.8,5.82E-05,0.776723877,0.031735322,-1.209654543,0.004375305,1.249894855
08:22.3,5.65E-05,0.764581621,0.031775464,-0.069245938,0.004375297,1.249730794
52:22.5,5.23E-05,0.746252174,0.031826079,-3.498400785,0.004375284,1.249479466
49:12.5,4.78E-05,0.693531013,0.031860985,-3.179272567,0.004375275,1.249317151
59:02.1,4.68E-05,0.591924925,0.031906364,-0.91665914,0.004375263,1.24910073
35:58.7,4.28E-05,0.45725532,0.031941271,-0.602681389,0.004375253,1.248961103
40:04.5,5.50E-05,0.231880954,0.032110568,-2.371364892,0.004375202,1.248067495
34:31.5,5.21E-05,0.359153853,0.032154201,-1.979503568,0.004375193,1.247161669
18:38.5,6.33E-05,0.385030105,0.032196089,-0.745337621,0.004375178,1.247620691
20:27.1,6.07E-05,0.425389099,0.032258921,-2.580457082,0.004375158,1.247346674
49:32.4,6.96E-05,0.246913475,0.032314771,-0.945765996,0.004375111,1.248091929
06:49.9,6.71E-05,0.278373034,0.032354914,-0.621569343,0.0043751,1.247915651
20:08.7,6.17E-05,0.296123033,0.032391566,-0.563645355,0.004375089,1.247769044
53:01.2,5.70E-05,0.302294517,0.032429963,-0.408562379,0.004375079,1.247622436
05:00.6,5.10E-05,0.316110543,0.032475341,-5.585547535,0.004375068,1.247419978
56:59.2,4.67E-05,0.340381092,0.032545155,-0.114453456,0.004375053,1.247109309
57:49.9,4.03E-05,0.335740262,0.032585297,-5.584280426,0.004375043,1.246885907
10:50.7,1.70E-05,0.430005494,0.032639402,-1.140289923,0.004375042,1.245772387
50:03.6,2.10E-05,0.551363473,0.032700489,-0.550096364,0.004374905,1.248107637
42:45.6,1.61E-05,0.425307068,0.032710961,-1.22360496,0.004375024,1.245329073
57:29.5,1.75E-05,0.402675384,0.032756339,-5.564711794,0.004375012,1.245152795
12:13.9,1.63E-05,0.48855431,0.032794737,-5.568736523,0.004375003,1.244985243
28:24.8,1.57E-05,0.534617039,0.032831389,-5.526726448,0.004374995,1.24491194
41:31.8,1.43E-05,0.676070739,0.032883748,-2.443185191,0.004374981,1.244644904
20:38.0,1.16E-05,0.545883139,0.032930872,-0.812080757,0.00437497,1.244531458
30:27.9,1.31E-05,0.422558175,0.032965779,-0.628461648,0.00437496,1.244369142
06:55.1,1.77E-05,0.344845644,0.033007667,-5.607100605,0.004374949,1.244182392
20:59.0,2.05E-05,0.26069634,0.033044319,-5.444205536,0.00437494,1.244053238
41:46.6,2.29E-05,0.246210107,0.033082716,-5.321576957,0.00437493,1.243939791
16:46.5,2.37E-05,0.202377908,0.033119368,-5.107444257,0.00437492,1.243803655
30:17.2,3.05E-05,0.615633478,0.033166492,-5.445388869,0.004374911,1.244651885
55:45.5,2.28E-05,6.170890823,0.033225833,-1.439942011,0.004374888,1.245606581
28:31.5,3.61E-05,0.82150728,0.033358478,-5.57389048,0.004374861,1.24446339
17:18.8,4.04E-05,5.94396835,0.033402111,-4.709376542,0.004374812,1.245601345
53:37.6,3.50E-05,5.869514349,0.033443999,-4.196560411,0.004374801,1.245486153
18:53.0,2.88E-05,5.804186675,0.033484142,-4.003710255,0.004374793,1.245341291
37:11.3,1.59E-05,0.743061712,0.033536502,-0.664816856,0.004374803,1.244166684
34:47.1,1.68E-05,5.490261284,0.033546974,-3.847752869,0.00437479,1.244234752
48:31.7,1.36E-05,5.306701516,0.033602824,-0.436993793,0.004374776,1.24403753
05:21.7,1.36E-05,5.016353778,0.033655184,-3.976617509,0.004374763,1.243810637
05:30.3,1.51E-05,4.58866608,0.033695327,-3.006467518,0.004374752,1.243770494
37:55.0,1.25E-05,4.437098197,0.033745941,-0.333581289,0.00437474,1.243573272
03:11.5,1.31E-05,4.126310908,0.033784338,-6.178500459,0.004374731,1.24348426
32:53.2,8.34E-05,0.098726294,0.03379481,-4.892702436,0.004375417,1.245388414
09:34.4,7.42E-05,0.058472021,0.033861133,-5.443598161,0.004375457,1.245123124
05:54.5,7.77E-05,0.021286036,0.033897785,-4.87936463,0.004375445,1.244927647
42:09.3,8.06E-05,6.256523658,0.03395189,-1.504287065,0.004375428,1.244669339
52:12.0,8.34E-05,6.213794507,0.033988542,-1.137150076,0.004375414,1.244503532
34:25.8,8.82E-05,6.129940163,0.03403392,-5.821139058,0.004375396,1.24433249
37:54.9,9.22E-05,6.069546535,0.034077554,-4.152379146,0.004375379,1.244123051
44:53.0,9.70E-05,6.027161214,0.034133404,-0.911185788,0.004375359,1.243875214
54:46.9,9.80E-05,6.066036678,0.034173547,-0.101373959,0.004375345,1.243735588
54:07.3,9.12E-05,6.070918364,0.034218925,-5.061688705,0.004375336,1.243456335
18:04.4,9.96E-05,6.035713327,0.034281757,-0.703425284,0.00437531,1.243231187
20:29.9,9.70E-05,5.974855442,0.03432539,-5.584767372,0.004375294,1.243042692
17:22.0,9.52E-05,5.915776046,0.034369024,-4.47162081,0.004375279,1.242904811
53:58.0,9.62E-05,5.677407704,0.03440044,-5.105655294,0.004375268,1.2427966
35:37.1,9.48E-05,5.662909254,0.034461526,-0.690597114,0.00437525,1.242478951
07:02.7,9.38E-05,5.641677323,0.034506905,-5.222241543,0.004375237,1.24234107
20:14.8,9.05E-05,5.717164559,0.034554029,-3.647055713,0.004375226,1.242121158
32:56.1,9.08E-05,5.766737146,0.03461686,-5.1810413,0.00437521,1.241871576
45:58.1,8.57E-05,5.921900407,0.03466573,-3.948782998,0.0043752,1.241618503
09:09.9,8.34E-05,5.967971863,0.034702382,-3.875779366,0.004375191,1.241519019
25:55.4,7.76E-05,6.052536556,0.034793139,-0.963905203,0.004375169,1.241093159
11:03.8,7.55E-05,5.998066575,0.034842008,-5.139957995,0.004375158,1.24107396
07:15.6,7.36E-05,6.162574329,0.034889132,-3.99090652,0.004375147,1.240916881
56:08.3,7.14E-05,6.187097951,0.034953709,-6.129374676,0.004375132,1.240777255
45:55.2,7.18E-05,6.13215324,0.034995597,-5.314147091,0.004375123,1.240731876
14:34.2,7.14E-05,6.094084119,0.035044466,-3.558125952,0.004375112,1.240632392
03:13.0,7.33E-05,6.063518168,0.035096826,-0.409412355,0.004375098,1.24038281
36:57.2,7.88E-05,6.028787861,0.035135223,-5.442812763,0.004375086,1.240312997
31:19.4,7.17E-05,6.017354209,0.035185838,-3.863553335,0.00437508,1.240319978
30:53.4,0.000147,5.969350673,0.035236452,-0.651821134,0.004375027,1.241902992
16:55.7,0.000142,6.050759811,0.035285321,-5.485149215,0.004375009,1.241796527
09:54.6,0.0001389,6.089047098,0.035335936,-3.961747304,0.004374995,1.241635957
36:57.6,0.0001359,6.110638567,0.035376079,-3.847728434,0.004374982,1.241503311
03:13.3,0.0001282,6.165235956,0.035412731,-3.770197418,0.00437497,1.241381138
33:43.2,0.0001252,6.174042888,0.035451128,-3.628319603,0.004374959,1.241239767
08:28.9,0.0001143,6.187970615,0.035510469,-5.818398891,0.004374944,1.241084432
38:46.8,0.0001088,5.959461638,0.03554363,-5.966052001,0.004374827,1.242147338
23:51.2,0.0001139,6.157001493,0.035583773,-5.160664581,0.004374926,1.240758056
57:39.9,0.0001157,6.151660785,0.035625661,-4.465070589,0.004374915,1.240515455
34:23.9,7.38E-05,6.185455596,0.035637878,-0.399181235,0.004374935,1.239538071
42:04.0,7.66E-05,6.11474009,0.035683257,-4.985833205,0.004374921,1.239353066
44:07.4,7.81E-05,6.054955582,0.035728635,-3.587314838,0.004374909,1.239183769
58:03.4,7.89E-05,6.033901675,0.035763542,-3.488153957,0.004374899,1.239068577
19:57.9,8.03E-05,6.011495139,0.035800194,-3.352775748,0.004374889,1.238958621
29:45.7,7.92E-05,6.003620213,0.035836846,-3.284945272,0.00437488,1.238883572
47:19.5,7.84E-05,5.986159939,0.035890951,-0.28585177,0.004374866,1.238668897
05:48.2,8.31E-05,5.953408836,0.035934584,-4.863281421,0.004374855,1.238531016
38:41.2,8.44E-05,5.95459566,0.035979963,-3.128488722,0.004374843,1.23842106
10:58.1,8.95E-05,5.915336223,0.036041049,-4.488950184,0.004374827,1.238225583
16:25.2,9.03E-05,5.915543918,0.036084682,-2.873220356,0.004374815,1.238065013
14:15.2,0.0001154,5.952276117,0.036147514,-6.036207255,0.004374799,1.238490873
15:54.0,0.0001165,5.957651731,0.036187657,-4.967289082,0.004374788,1.238276198
26:26.6,0.0001002,5.979634153,0.036227799,-4.401144415,0.00437478,1.238187186
42:24.2,8.55E-05,5.968914341,0.036264451,-4.303592727,0.004374773,1.23805105
18:57.0,0.0001204,5.880022977,0.036299358,-5.878237505,0.004374601,1.240402009
15:27.7,0.0001486,5.978749271,0.036337755,-3.349438678,0.00437471,1.23937401
19:25.7,0.000152,6.016834101,0.036377898,-3.353496569,0.004374697,1.239393208
07:02.7,0.0001426,6.051644693,0.036419786,-2.900777359,0.004374683,1.239368774
22:43.7,0.000135,6.048855656,0.036473891,-6.20829672,0.004374669,1.239250091
49:29.5,0.0001284,6.049101748,0.036521015,-4.499624618,0.004374657,1.239068577
52:19.1,0.0001332,5.913259282,0.036547195,-5.910049621,0.004374541,1.239681188
12:54.1,0.00013,6.022551799,0.036564648,-3.303899547,0.004374647,1.238960367
40:01.7,0.0001298,6.002464805,0.0366013,-3.148292973,0.004374639,1.238780598
19:31.7,0.0001339,5.997076974,0.036639697,-2.953261155,0.004374631,1.238602574
07:58.3,0.0001395,6.008428595,0.036699038,-4.818937841,0.004374616,1.238159261
02:09.9,0.0001009,5.805335102,0.036781069,-5.395557974,0.004374634,1.238541488
50:43.9,0.0001023,5.809426154,0.036821211,-3.857783276,0.004374629,1.238304123
33:23.0,0.0001017,5.812955209,0.036861354,-3.132864262,0.00437462,1.238065013
02:15.8,0.0001016,5.790704007,0.036917204,-4.525677148,0.004374606,1.237768307
39:48.7,0.0001008,5.790281637,0.036953856,-3.819178338,0.004374596,1.237534433
49:51.6,0.000111,5.808532545,0.036990508,-3.514250119,0.004374586,1.237352919
41:26.0,0.0001155,5.831618015,0.037046359,-5.90318175,0.00437457,1.237019561
59:52.2,0.0001411,0.507356742,0.037110936,-5.171309345,0.004375393,1.2377334
59:04.0,0.0001463,0.394981972,0.037156314,-3.731979944,0.004375378,1.237630426
58:07.6,0.0001512,0.488762004,0.0372366,-4.319281492,0.00437535,1.237295323
31:47.5,0.0001853,0.519769523,0.037271506,-4.447805792,0.004375335,1.237155696
31:53.6,0.0001248,0.643218407,0.037301177,-0.633020448,0.004375209,1.237393061
06:32.9,0.0001875,0.542734566,0.037313394,-3.513251791,0.004375322,1.236942766
14:11.7,0.0001853,0.585488151,0.037348301,-3.504743311,0.004375308,1.236735072
20:31.3,0.0001798,0.625735443,0.037416369,-4.531934153,0.004375285,1.236365062
39:45.1,0.0001775,0.648531189,0.03745302,-4.452879465,0.004375275,1.236221945
42:17.1,0.000168,0.701929537,0.037489672,-4.477497334,0.004375265,1.236098027
18:14.9,0.000149,0.774332776,0.037533306,-3.587307857,0.004375255,1.236038686
36:03.1,0.0001338,0.817082871,0.037569957,-3.534464523,0.004375248,1.235923494
00:07.8,0.0001289,0.812215147,0.037606609,-3.406507454,0.004375242,1.235750706
14:30.5,0.0001295,0.853294962,0.037676423,-3.611817515,0.004375226,1.235413858
24:03.8,0.00014,0.711499178,0.037735764,-5.492980507,0.004375215,1.2349496
32:30.6,0.0001492,0.682078162,0.037781142,-3.571196722,0.004375208,1.234785539
42:57.5,0.0001101,0.663116905,0.037856191,-0.076393061,0.004375232,1.235309138
29:42.9,0.0001147,0.641584778,0.037903315,-4.015485991,0.004375221,1.235056065
18:59.7,0.0001181,0.616087263,0.037939967,-3.494205013,0.00437521,1.234885023
27:20.9,0.0001214,0.597471582,0.037974874,-3.42140733,0.0043752,1.234703509
38:13.3,0.0001225,0.603922318,0.038030724,-5.445303348,0.004375184,1.234377132
07:04.8,0.0001448,0.628859583,0.038060395,-0.619492401,0.004375009,1.234998469
58:14.4,0.0001881,0.605987043,0.038100538,-2.961429296,0.004375138,1.233207762
49:03.9,0.000187,0.599588666,0.038152897,-0.089777991,0.004375124,1.232914546
29:54.7,0.0001879,0.594666837,0.038200021,-4.334106318,0.004375112,1.232685908
27:26.9,0.0001913,0.582915536,0.038240164,-3.26558957,0.0043751,1.232520102
39:15.8,0.000156,0.605156266,0.038311722,-0.595462708,0.004374935,1.234207835
51:12.0,0.0001863,0.641642374,0.038467057,-4.430350755,0.004375004,1.233033229
44:00.4,0.0001867,0.651684999,0.038505454,-3.929472675,0.004374994,1.232818553
33:04.9,0.000181,0.677308177,0.038545597,-3.46053063,0.004374984,1.232649256
13:18.0,0.0001664,0.711954708,0.038583994,-3.039344285,0.004374976,1.232478214
26:55.6,0.0001673,0.704647015,0.038652062,-3.987881864,0.004374962,1.232181508
46:28.5,0.0001601,0.74888413,0.038692204,-3.141760205,0.004374954,1.232040136
52:10.9,0.0001731,0.698646573,0.038753291,-4.081747416,0.004374942,1.231413563
06:24.8,0.0001763,0.693208127,0.038793433,-3.209234634,0.004374934,1.231254738
18:44.7,0.0001792,0.676039323,0.038830085,-3.120858142,0.004374926,1.231101149
04:07.4,0.0001818,0.669517028,0.038892917,-4.456413756,0.00437491,1.230785245
28:46.1,0.000181,0.695346155,0.03893655,-2.782164783,0.0043749,1.230650854
37:49.5,0.0001889,0.690829243,0.039001127,-3.753738963,0.004374884,1.230387309
14:52.7,0.0001789,0.669791044,0.039077922,-0.66759542,0.004374728,1.231966832
47:23.3,0.0001972,0.684537331,0.039139008,-4.687174209,0.004374851,1.229875928
38:45.3,0.0001963,0.675904933,0.039180896,-3.649185015,0.004374841,1.229718848
21:09.3,0.0002004,0.675477327,0.039240238,-5.529101841,0.004374825,1.229362801
55:31.8,0.0002015,0.678657317,0.039285616,-4.052373525,0.004374812,1.229235392
47:33.1,0.0001851,0.67589097,0.039329249,-0.674131678,0.004374656,1.231300117
35:12.5,0.000218,0.73674711,0.039360665,-4.428148149,0.004374798,1.229284261
00:27.5,0.0002199,0.673098443,0.039418261,-3.188723525,0.004374748,1.230514719
47:58.1,0.0002121,0.701423392,0.039456658,-2.992325115,0.004374738,1.230444905
03:33.5,0.0002093,0.72155751,0.039526472,-3.960440052,0.004374721,1.230172634
19:19.5,0.0002074,0.731561737,0.039561378,-3.884504267,0.004374712,1.229975412
19:22.5,0.0002029,0.705252644,0.039578831,-0.708380274,0.004374595,1.230649109
55:40.1,0.000191,0.723391851,0.039659117,-5.50404764,0.004374692,1.229505918
46:22.1,0.0001875,0.723589073,0.039704495,-4.215533885,0.004374684,1.229364547
42:47.0,0.000173,0.725620637,0.039746383,-2.90382994,0.004374676,1.229184778
31:10.1,0.0001687,0.882448942,0.039868556,-3.569645125,0.004375889,1.230024281
18:46.9,0.0001517,1.154601623,0.040015164,-3.824094931,0.00437544,1.229354075
54:16.1,0.0001527,1.171049606,0.040053561,-3.404755144,0.004375424,1.229137654
23:05.9,0.0001461,1.153050025,0.040058797,-1.159921386,0.004375262,1.228771135
40:20.2,0.0001436,1.168154104,0.040121629,-3.952153229,0.004375399,1.228865382
03:50.0,0.0001603,1.159612463,0.040158281,-3.822927306,0.004375386,1.228666415
51:21.4,0.0001556,1.162596976,0.040196678,-3.60020933,0.004375371,1.228580894
50:48.8,0.0001672,1.201800562,0.040257765,-5.706500597,0.004375352,1.228296405
28:10.3,0.000163,1.202655773,0.040304888,-4.213530247,0.004375336,1.228231828
54:22.6,0.0001699,1.204331289,0.040339795,-4.082771925,0.004375325,1.228066022
19:31.4,0.0001722,1.226156631,0.040378192,-3.714298013,0.004375313,1.227917669
52:16.0,0.0001635,1.254588045,0.04044626,-3.826540137,0.00437529,1.227631435
30:36.5,0.0001675,1.286873145,0.040486403,-3.148231886,0.004375278,1.227416759
30:01.3,0.0001636,1.319950625,0.0405248,-2.641117745,0.004375268,1.227273642
25:53.1,0.0001658,1.380506569,0.040575414,-1.390420039,0.004375107,1.228312113
11:30.4,0.0001622,1.37571564,0.04062952,-3.774981366,0.004375242,1.2268408
18:54.0,0.0001472,1.411004452,0.040669662,-2.710068723,0.004375232,1.226657541
42:11.6,0.0001424,1.435149337,0.040702823,-2.614658554,0.004375223,1.226540604
38:44.1,0.0001388,1.429761506,0.040753438,-5.739515245,0.004375211,1.226315456
30:33.5,0.0001386,1.410955583,0.040797071,-3.901125037,0.0043752,1.226146159
57:18.4,0.0001433,1.422904107,0.040830233,-3.515820916,0.004375191,1.225886105
49:38.2,0.0001502,1.432330631,0.040893064,-4.311186655,0.004375174,1.225557983
09:29.9,0.000157,1.414737712,0.040929716,-3.926612081,0.004375165,1.22543581
30:38.1,0.0001622,1.390325791,0.040968114,-3.792216492,0.004375157,1.225357271
26:19.7,0.0001676,1.406686508,0.041006511,-3.022241803,0.004375147,1.225139104
32:38.3,0.0001727,1.405771955,0.041043163,-2.451170072,0.004375137,1.225015186
00:47.0,0.0001767,1.396842851,0.041104249,-4.121739891,0.004375121,1.224704517
35:02.7,0.0001765,1.390179184,0.041139156,-3.685173704,0.004375111,1.224552674
02:30.6,0.0001781,1.385067114,0.041175808,-3.279899525,0.0043751,1.224383377
43:37.2,0.0001867,1.407339261,0.04121595,-2.842680585,0.004375092,1.224594562
54:11.9,0.0001889,1.452738766,0.041277037,-4.907235793,0.004375076,1.224421774
17:19.2,0.0001813,1.459028932,0.041352086,-3.990290418,0.004375053,1.22434847
36:08.5,0.0001746,1.459103981,0.041421899,-3.348489219,0.00437503,1.22421408
56:33.9,0.0001874,1.477019786,0.041458551,-3.259823002,0.004375018,1.22410936
31:27.2,0.0001839,1.474637412,0.041523128,-4.382809731,0.004374998,1.223858033
11:31.6,0.0001788,1.465952653,0.04155978,-4.181515672,0.004374987,1.223704444
12:28.5,0.000177,1.477916885,0.041596432,-3.647165669,0.004374974,1.22365732
33:07.3,0.0001754,1.490863738,0.041634829,-3.290057341,0.004374963,1.223542128
34:33.9,0.0001752,1.497490753,0.041671481,-2.74806105,0.004374952,1.223351887
19:24.2,0.000175,1.503033919,0.041734313,-3.310477693,0.004374934,1.223034237
46:02.4,0.0001736,1.504678019,0.041770965,-2.915804644,0.004374924,1.222831779
18:01.6,0.0001734,1.503718088,0.041809362,-1.97012766,0.004374913,1.222639793
36:05.3,0.0001746,1.493050635,0.041859977,-5.258727651,0.004374899,1.222381484
43:03.6,0.0001784,1.494439917,0.041900119,-3.637381353,0.004374888,1.222208697
06:49.9,0.0001825,1.493085542,0.041931535,-3.514897637,0.004374878,1.222077797
09:40.6,0.0001905,1.502011156,0.041968187,-3.231709239,0.004374868,1.221880575
19:54.4,0.0001942,1.50044385,0.042006584,-2.643254028,0.004374858,1.221713023
40:32.4,0.000233,1.606928133,0.042022292,-1.612790694,0.004374666,1.224784803
02:17.5,0.0001885,1.495452208,0.042046727,-2.436659405,0.004374845,1.22243908
54:06.4,0.0002001,1.530133646,0.042085124,-1.965097621,0.004374835,1.222302944
59:31.3,0.0001998,1.529224329,0.042135739,-5.319004342,0.004374821,1.22206907
13:01.0,0.0002097,1.578233175,0.042170645,-5.29204075,0.004374812,1.222030673
53:53.3,0.0002058,1.58035724,0.042212533,-4.310977215,0.004374801,1.222028928
36:58.2,0.0002256,1.630210825,0.042350414,-3.579734873,0.004374757,1.221596086
38:22.6,0.0002272,1.649173828,0.042383576,-3.57571887,0.004374745,1.221517546
03:21.9,0.0002622,1.618136637,0.042416737,-4.995186424,0.004374708,1.222802109
58:10.0,0.0002652,1.64492046,0.042462115,-3.190215781,0.004374699,1.222536819
04:58.6,0.0002672,1.660919893,0.042495277,-3.159508458,0.004374692,1.222365776
30:32.1,0.000242,1.698823209,0.042528438,-2.542449047,0.004374698,1.221140555
02:33.7,0.0002423,1.703397717,0.042563344,-2.389994536,0.004374689,1.220939842
25:21.5,0.0002415,1.708022839,0.042598251,-2.278015957,0.004374679,1.220770545
52:31.4,0.0002398,1.710452338,0.042633158,-2.14476705,0.00437467,1.220630919
29:37.4,0.0002388,1.711646143,0.042687263,-5.099974247,0.004374656,1.220377846
06:04.5,0.0002364,1.607039834,0.042729151,-3.244554862,0.00437464,1.220615211
25:02.8,0.0002304,1.593253478,0.042771039,-2.080982247,0.00437463,1.220465113
23:03.3,0.0002302,1.582147948,0.042821653,-5.457477019,0.004374617,1.220229493
46:28.3,0.0002305,1.583645441,0.042867032,-3.239734263,0.004374606,1.219979911
34:03.3,0.0001609,1.530894609,0.042872268,-2.438300014,0.004375583,1.221873593
37:06.5,0.0001446,1.513120176,0.042877504,-1.619585261,0.00437545,1.221898028
58:28.6,0.0002673,1.778518433,0.04293859,-1.776266958,0.004374399,1.22204289
47:15.7,0.0001474,1.672374489,0.042980478,-2.730745638,0.004375397,1.221288908
57:32.5,0.0001562,1.726905556,0.043022366,-2.197420143,0.004375383,1.221182443
52:30.0,0.0001631,1.867275407,0.043062509,-1.817013415,0.004375369,1.221065506
25:37.7,0.0001626,1.891198635,0.043116614,-4.810921543,0.004375354,1.220924134
09:09.5,0.0001621,1.861727005,0.043161992,-3.523039598,0.00437534,1.220765309
47:38.3,0.0001667,1.883365597,0.04320039,-3.358580713,0.004375329,1.220662335
51:14.1,0.0001715,1.913577247,0.043245768,-1.780103192,0.004375316,1.220517473
56:32.7,0.000172,1.944139707,0.043280675,-1.769695794,0.004375307,1.220390064
16:28.8,0.0001728,1.977559272,0.043333035,-5.09335945,0.004375295,1.220130009
51:36.1,0.0001801,2.053688788,0.043378413,-3.422801848,0.004375287,1.219910098
51:31.3,0.0001745,2.043293607,0.043422046,-1.819800706,0.004375278,1.219740801
57:52.5,0.0001609,2.091761401,0.043448226,-2.085795865,0.00437512,1.220292325
19:03.0,0.0001784,2.058006733,0.043507568,-5.07380129,0.004375256,1.219236401
56:48.3,0.0001755,2.022059932,0.04354422,-4.067268165,0.004375244,1.218953658
02:51.0,0.0001743,2.054348523,0.043608797,-4.825208809,0.004375228,1.218501617
38:25.6,0.0001725,2.143007758,0.043621014,-2.133973934,0.004375072,1.219718112
32:40.8,0.0001696,2.138326785,0.043718752,-1.836800213,0.004375205,1.217056485
41:00.3,0.0001745,2.154914394,0.043767622,-5.194904451,0.004375193,1.217077429
01:31.7,0.0001728,2.15113052,0.043802528,-5.083713015,0.004375184,1.216913368
46:47.9,0.0001726,2.146564739,0.043835689,-4.863473407,0.004375175,1.216747561
18:40.6,0.0001727,2.146205201,0.043870596,-4.706058671,0.004375165,1.216576519
45:22.7,0.0001723,2.137092837,0.043910739,-3.512438468,0.004375153,1.216382788
34:08.9,0.0001722,2.13201742,0.043945645,-3.276471698,0.004375143,1.216241416
24:31.4,0.0001718,2.118217101,0.043982297,-3.024762059,0.004375132,1.21607561
08:46.9,0.0001715,2.098564694,0.044027676,-2.53205212,0.004375123,1.216538122
42:45.1,0.0001864,2.279429674,0.04410447,-2.268966425,0.00437492,1.218101937
07:17.1,0.000195,2.157799423,0.044191737,-4.612446191,0.004375037,1.217019833
16:24.2,0.0001962,2.165965819,0.044237115,-2.98816774,0.004375026,1.216778977
55:26.8,0.0002026,2.200226632,0.044280748,-1.521616439,0.004375015,1.21655383
22:56.5,0.0002071,2.239486068,0.044347071,-2.455969728,0.004375001,1.216281558
30:55.9,0.0002052,2.240477415,0.044387214,-1.617159253,0.004374993,1.216166367
11:28.9,0.000206,2.241542066,0.044439573,-4.556353055,0.004374979,1.215845226
21:39.3,0.0001911,2.264067286,0.044544293,-3.16919329,0.004374955,1.214682837
40:44.3,0.0001915,2.260431765,0.044577454,-3.06476326,0.004374946,1.214489105
49:35.4,0.0001893,2.249291328,0.044615852,-2.210080761,0.004374935,1.21430061
51:19.5,0.0001904,2.289882451,0.044655994,-1.700777978,0.004374926,1.21409117
11:33.6,0.0001823,2.236508537,0.044689155,-1.541631875,0.004374917,1.213937581
53:56.1,0.0001797,2.222104334,0.044786894,-2.865300052,0.004374892,1.213471578
41:44.1,0.0001812,2.226439732,0.044823546,-2.643311624,0.004374882,1.213290064
57:09.9,0.0001818,2.230228842,0.044860198,-2.299893659,0.004374872,1.213087606
11:23.1,0.0002093,2.43207617,0.044914303,-2.42513325,0.004374693,1.21549616
33:34.0,0.0001828,2.240631004,0.044950955,-4.724728458,0.004374847,1.21258146
35:09.6,0.0002087,2.421841559,0.044992843,-4.620010448,0.00437484,1.213023029
13:00.0,0.0002278,2.533293049,0.045027749,-4.549017436,0.00437483,1.212989868
16:00.7,0.0002267,2.552409641,0.045097563,-5.046099424,0.004374812,1.212902601
44:01.3,0.0002156,2.512935529,0.045158649,-2.506675033,0.004374628,1.214729961
45:49.1,0.0002375,2.591848846,0.045183084,-2.821244451,0.004374785,1.212626839
42:41.7,0.000243,2.64363451,0.045221481,-2.082272045,0.004374773,1.212480231
27:53.8,0.000249,2.681564005,0.045259878,-1.643051212,0.00437476,1.212349332
49:57.0,0.0002518,2.70459537,0.045294785,-1.55265712,0.00437475,1.212183525
01:50.6,0.0002531,2.717886052,0.045329691,-1.49694621,0.00437474,1.211986303
16:01.1,0.0002509,2.712014765,0.045390778,-3.232709313,0.004374723,1.211670399
19:45.9,0.0002516,2.709508472,0.04543092,-2.409449722,0.004374713,1.211551716
31:09.3,0.0002509,2.710248492,0.045465827,-2.080985738,0.004374703,1.211408599
29:03.9,0.0002502,2.7176068,0.045533895,-2.851241425,0.004374686,1.211117129
57:48.7,0.0002472,2.717802277,0.045572292,-2.446354709,0.004374676,1.211007173
17:08.2,0.0002452,2.722395983,0.045607199,-2.349579692,0.004374667,1.210871038
54:01.6,0.0002419,2.708026687,0.045645596,-1.369432455,0.004374657,1.210651126
46:43.3,0.0002371,2.699720666,0.04569621,-4.509463039,0.004374643,1.210429469
18:22.6,9.26E-05,1.892704854,0.045793949,-1.674163452,0.004375469,1.212387729
46:22.8,9.86E-05,1.868579168,0.045830601,-1.247030769,0.004375454,1.212262065
53:30.8,0.0001064,1.928009374,0.045870743,-0.732286049,0.004375441,1.212164327
21:04.0,0.0001117,1.937535381,0.045928339,-3.473362291,0.004375424,1.211897291
28:00.4,0.0001141,2.020824238,0.045973718,-1.933233145,0.004375408,1.211790826
39:32.7,0.0001166,2.038925048,0.046012115,-1.620457925,0.004375396,1.211661672
10:14.4,0.0001225,2.038104743,0.046045276,-1.467436183,0.004375382,1.211469686
20:58.9,0.0001171,2.167894408,0.046087164,-0.744821004,0.00437537,1.211349258
43:44.3,0.0001195,2.165658641,0.046139524,-3.757735767,0.004375357,1.2110159
53:16.6,0.0001212,2.178369874,0.046186648,-1.873164148,0.004375346,1.210900708
22:24.0,0.000118,2.267770874,0.046228536,-0.767161218,0.004375335,1.210699996
10:40.2,0.0001182,2.334288863,0.046293113,-1.899541309,0.00437532,1.210391072
20:19.3,0.0001136,2.287056763,0.04632802,-1.792221013,0.00437531,1.210150217
22:33.3,0.000117,2.498644773,0.046375144,-2.502638086,0.004375169,1.211534263
10:31.9,0.0001147,2.33915135,0.046403069,-0.801430758,0.004375293,1.209795915
24:11.2,0.0001195,2.345886576,0.046439721,-0.730586098,0.004375285,1.209579494
19:58.2,0.0001347,2.463287893,0.046500807,-2.668793431,0.004375274,1.209445104
22:59.5,0.0001268,2.385489842,0.046561894,-3.592346622,0.004375255,1.20897561
17:13.3,0.0001233,2.497944896,0.046602036,-2.662215285,0.004375248,1.20887089
12:50.6,0.0001234,2.485992881,0.046640434,-1.864118106,0.004375239,1.208703339
22:22.6,0.0001237,2.49616117,0.04667534,-1.814896331,0.00437523,1.208537533
40:00.8,0.0001234,2.46843836,0.046710247,-1.692323603,0.00437522,1.20836649
54:41.5,0.0001228,2.446162722,0.046743408,-1.588214713,0.004375211,1.208246063
30:32.7,0.000123,2.433091952,0.046785296,-0.613060862,0.0043752,1.208078511
55:23.7,0.0001193,2.425777277,0.046839401,-3.612227668,0.004375185,1.207827184
17:58.0,0.0001172,2.425606235,0.046876053,-3.495737412,0.004375174,1.207671849
05:49.9,0.0001149,2.502756769,0.046924922,-2.296144692,0.004375164,1.207849873
05:03.0,0.0001118,2.598008113,0.046987754,-3.672624786,0.004375146,1.207743408
49:08.1,0.0001164,2.604743338,0.047041859,-0.843973158,0.004375129,1.207759116
57:27.1,0.000111,2.795958121,0.047116908,-2.80403725,0.004374957,1.209837803
58:03.7,0.0001073,2.58225128,0.047132616,-3.617906969,0.004375102,1.207430994
51:48.3,0.0001187,2.546688451,0.047212902,-1.999913449,0.004375076,1.20722679
49:54.7,0.0001209,2.629106389,0.047251299,-1.548321722,0.004375062,1.207162213
57:20.3,0.0001171,2.6541571,0.047286205,-1.523593897,0.00437505,1.207078437
20:25.3,0.0001105,2.637981389,0.047326348,-0.601642918,0.004375034,1.206992916
48:11.3,0.0001099,2.663189179,0.047383944,-2.308328835,0.004375018,1.206757297
43:15.9,0.0001093,2.666815973,0.04741885,-1.528587284,0.004375007,1.206582764
29:07.3,0.0001083,2.685079098,0.047460738,-0.541296414,0.004374996,1.206371579
30:38.7,0.0001122,2.682502992,0.047500881,-0.515037936,0.004374984,1.206474553
01:17.7,0.0001067,2.696435956,0.047554986,-2.723024302,0.004374968,1.206266859
02:16.2,0.0001094,3.027256134,0.047614327,-3.034966999,0.004374822,1.208726028
12:18.3,0.0001009,2.723207561,0.047630035,-1.35453956,0.004374948,1.205994588
44:35.7,0.0001016,2.756244899,0.047698103,-1.99949457,0.004374931,1.205835763
25:47.2,0.0001006,2.744954364,0.04773301,-1.528226001,0.004374921,1.205652503
43:02.2,9.99E-05,2.747947603,0.047767916,-1.438564947,0.004374911,1.205505896
51:45.0,0.0001001,2.746334919,0.047802823,-1.381572965,0.004374901,1.205272022
08:57.8,9.83E-05,2.764540449,0.04784122,-1.307324914,0.004374891,1.205114942
40:53.3,0.000107,2.927622269,0.047884853,-1.314021742,0.004374885,1.205434337
30:17.1,0.0001097,2.883463693,0.04800179,-1.003810411,0.004374837,1.206130724
54:22.3,0.0001059,2.834802168,0.048059386,-3.440771758,0.00437482,1.205891613
13:20.2,0.0001042,2.828286854,0.048096038,-3.33420719,0.00437481,1.205692646
03:57.3,0.0001062,3.124593147,0.048130945,-3.131454036,0.004374668,1.207460664
22:27.9,9.35E-05,3.080773165,0.048169342,-2.199788555,0.004374795,1.204982297
08:26.3,9.62E-05,3.07478145,0.048209485,-1.450611209,0.004374783,1.204767621
54:16.4,9.23E-05,3.155623355,0.048249627,-0.526598997,0.004374769,1.204725733
45:08.7,0.0001041,3.181614799,0.048305478,-3.186358604,0.004374626,1.207186648
12:53.9,9.53E-05,3.151575937,0.048335148,-3.802800169,0.004374745,1.204369686
31:40.8,9.60E-05,3.180297075,0.048389254,-0.582285472,0.004374731,1.204064254
53:07.3,9.63E-05,3.202647761,0.04842416,-0.493910725,0.004374721,1.203919391
56:21.9,9.79E-05,3.196434389,0.04847652,-3.852152844,0.004374708,1.203608723
18:05.2,9.81E-05,3.213603193,0.048509681,-3.757367503,0.004374699,1.203428954
35:13.4,9.79E-05,3.228469908,0.048544588,-3.680374048,0.00437469,1.203280601
14:46.6,0.000105,3.310336322,0.04858124,-3.313359232,0.00437454,1.206481535
16:58.0,9.51E-05,3.287448074,0.048616146,-2.210518839,0.00437467,1.202969932
03:57.4,9.32E-05,3.290427351,0.048654544,-1.466167329,0.00437466,1.202898374
19:29.5,9.14E-05,3.296647704,0.048694686,-0.600257127,0.004374649,1.202868703
39:34.0,8.95E-05,3.311784945,0.048731338,-0.510796786,0.004374639,1.202737803
51:09.6,8.95E-05,3.301894164,0.048762754,-0.43345601,0.00437463,1.202626102
04:53.4,9.12E-05,3.241313786,0.04879417,-0.297128343,0.00437462,1.20351622
19:26.7,0.0001067,3.261285588,0.048843039,-3.632560753,0.004374609,1.203498767
07:50.1,8.51E-05,3.37664138,0.048961722,-0.337794514,0.004374551,1.204273693
24:42.8,7.64E-05,3.1857809,0.049001864,-0.056915187,0.004374518,1.204399357
56:28.2,0.0001399,2.496857556,0.049094367,-6.265159547,0.004375379,1.20494739
54:00.3,0.0001244,2.399953385,0.049131018,-5.636153356,0.00437537,1.204800783
11:33.3,0.0001188,2.391160416,0.04916418,-5.532751325,0.004375364,1.204675119
16:19.7,0.00011,2.345263493,0.049214794,-2.297656147,0.004375359,1.204488369
18:58.3,0.000105,2.284707549,0.049253191,-1.157470944,0.004375353,1.204257985
51:07.4,9.75E-05,2.256331986,0.04929857,-5.41600276,0.004375343,1.204067744
29:38.7,9.08E-05,2.185712474,0.049356166,-0.433171522,0.004375332,1.203709952
29:46.8,8.96E-05,2.18245918,0.049394563,-5.907084307,0.004375323,1.203524947
06:23.3,8.69E-05,2.188248438,0.049446923,-1.271683545,0.004375309,1.203216024
31:30.1,8.73E-05,2.176477937,0.049488811,-0.082051419,0.004375298,1.202966442
14:23.3,8.23E-05,2.116154122,0.049539425,-0.848823428,0.004375281,1.202732567
01:20.1,8.09E-05,2.02168294,0.049576077,-0.006215117,0.004375269,1.202592941
58:26.9,8.70E-05,1.930470288,0.049769809,-1.92371761,0.004375004,1.202887902
54:32.0,8.55E-05,1.911296101,0.04980297,-1.90415945,0.004374994,1.202790163
08:24.8,0.000111,1.607556452,0.049811697,-4.409528977,0.004375138,1.202259583
52:53.3,0.0001148,1.730773206,0.049869293,-0.382640749,0.004375117,1.201886083
50:38.3,0.0001156,1.789424996,0.04990769,-0.171129533,0.004375107,1.201715041
30:03.3,0.0001149,1.827410341,0.049944342,-0.019149753,0.004375097,1.201517818
46:49.6,0.0001118,1.862240132,0.04998972,-5.458810451,0.004375086,1.2013939
26:18.7,8.30E-05,1.726053836,0.05004208,-1.720093536,0.004374931,1.201980331
52:03.5,0.0001045,1.943123925,0.050083968,-1.281427718,0.004375065,1.200910444
53:23.3,0.0001081,1.958276874,0.050134583,-5.718878472,0.004375056,1.200776053
56:22.3,9.38E-05,2.22038344,0.050190433,-5.931833075,0.004375061,1.19945833
30:45.9,9.31E-05,2.217405908,0.050230576,-5.498485275,0.004375051,1.199323939
31:43.2,9.06E-05,2.201125477,0.050265482,-4.935564232,0.004375041,1.1991145
11:12.2,9.07E-05,2.207057851,0.050331805,-4.733978703,0.004375022,1.198767179
18:33.9,8.83E-05,2.229478351,0.050380674,-1.819053705,0.004375009,1.198510616
58:35.5,6.87E-05,1.87937752,0.050469686,-1.260852032,0.004375016,1.200036034
20:42.4,6.73E-05,1.804019439,0.050511574,-5.516973548,0.004375003,1.199845793
31:07.1,8.50E-05,1.834250287,0.050530773,-1.827419068,0.004374792,1.200472366
57:03.1,7.24E-05,1.795250905,0.050565679,-0.868987217,0.004374984,1.199505454
55:43.3,7.42E-05,1.857950113,0.05059884,-0.657645298,0.004374973,1.199268089
21:04.3,7.03E-05,1.75904754,0.050632002,-0.430558764,0.004374962,1.199070867
08:45.3,7.94E-05,2.226239019,0.050682616,-4.592088671,0.004374938,1.198460001
28:33.6,8.44E-05,2.041933996,0.050747193,-5.074366777,0.004374919,1.198206929
48:49.1,9.25E-05,1.800453731,0.050843186,-4.956398227,0.004374855,1.198430331
53:41.1,9.64E-05,1.745826671,0.050879838,-4.33843299,0.004374841,1.198283723
07:33.3,9.70E-05,1.784332125,0.05091649,-4.299150864,0.00437483,1.19807952
39:35.6,9.67E-05,1.855002252,0.050982813,-5.770641447,0.004374811,1.197812484
12:26.0,9.69E-05,1.909322134,0.051026446,-4.089121433,0.0043748,1.197554176
49:42.2,9.23E-05,1.925237791,0.051078806,-1.037282336,0.004374787,1.197267942
58:14.1,9.19E-05,1.892751978,0.051124184,-5.658608762,0.004374777,1.19710039
46:38.1,9.93E-05,1.699280485,0.05123065,-4.939562781,0.004374758,1.196374333
09:03.6,9.61E-05,1.569192369,0.05126032,-1.562982488,0.004374597,1.198159805
21:15.8,9.90E-05,1.684005363,0.051269047,-3.968417952,0.004374744,1.196271359
35:29.6,8.34E-05,1.482810789,0.051352823,-4.459729882,0.004374766,1.197416295
14:43.9,8.73E-05,1.425447052,0.051389474,-3.426186041,0.004374754,1.197201619
49:11.9,9.47E-05,1.629807654,0.051434853,-1.626077886,0.004374543,1.19760479
45:14.5,9.51E-05,1.619220487,0.05146976,-1.615974174,0.004374532,1.197508797
28:51.9,8.93E-05,1.386468614,0.051485468,-3.536979542,0.004374726,1.196643114
46:29.6,9.40E-05,1.32896176,0.051518629,-3.385444821,0.004374715,1.196461599
46:11.1,0.0001727,1.880396792,0.051635566,-0.735148389,0.004375377,1.196658822
58:23.3,0.0001718,1.953819303,0.051684435,-5.182746487,0.004375366,1.19651745
43:48.9,0.000185,1.923591946,0.051719342,-4.935970894,0.00437535,1.196365606
12:35.7,0.0001429,3.668989266,0.051879912,-3.666367781,0.004375197,1.195585444
